mes,dezenas_combinadas,count_combinacao_MM
01,1-10|1-10|1-10|1-10|11-20|31-40,1
01,1-10|1-10|1-10|1-10|11-20|41-50,1
01,1-10|1-10|1-10|11-20|21-30|31-40,1
01,1-10|1-10|1-10|11-20|31-40|41-50,1
01,1-10|1-10|1-10|11-20|31-40|51-60,1
01,1-10|1-10|1-10|21-30|41-50|41-50,1
01,1-10|1-10|1-10|31-40|31-40|41-50,1
01,1-10|1-10|1-10|41-50|41-50|51-60,1
01,1-10|1-10|11-20|11-20|11-20|31-40,1
01,1-10|1-10|11-20|11-20|21-30|21-30,2
01,1-10|1-10|11-20|11-20|21-30|31-40,1
01,1-10|1-10|11-20|11-20|21-30|41-50,1
01,1-10|1-10|11-20|11-20|21-30|51-60,2
01,1-10|1-10|11-20|11-20|31-40|41-50,1
01,1-10|1-10|11-20|11-20|41-50|41-50,1
01,1-10|1-10|11-20|11-20|51-60|51-60,1
01,1-10|1-10|11-20|21-30|21-30|41-50,1
01,1-10|1-10|11-20|21-30|21-30|51-60,1
01,1-10|1-10|11-20|21-30|31-40|31-40,1
01,1-10|1-10|11-20|21-30|31-40|41-50,2
01,1-10|1-10|11-20|21-30|31-40|51-60,5
01,1-10|1-10|11-20|21-30|41-50|51-60,1
01,1-10|1-10|11-20|31-40|31-40|51-60,1
01,1-10|1-10|11-20|31-40|41-50|41-50,1
01,1-10|1-10|11-20|31-40|41-50|51-60,1
01,1-10|1-10|21-30|21-30|21-30|51-60,1
01,1-10|1-10|21-30|21-30|31-40|31-40,1
01,1-10|1-10|21-30|21-30|31-40|41-50,3
01,1-10|1-10|21-30|21-30|41-50|41-50,1
01,1-10|1-10|21-30|21-30|41-50|51-60,1
01,1-10|1-10|21-30|31-40|31-40|51-60,2
01,1-10|1-10|21-30|31-40|41-50|51-60,5
01,1-10|1-10|21-30|31-40|51-60|51-60,1
01,1-10|1-10|21-30|41-50|51-60|51-60,1
01,1-10|1-10|31-40|31-40|41-50|41-50,1
01,1-10|1-10|31-40|31-40|41-50|51-60,1
01,1-10|1-10|31-40|31-40|51-60|51-60,1
01,1-10|1-10|31-40|41-50|41-50|41-50,1
01,1-10|1-10|31-40|41-50|51-60|51-60,2
01,1-10|11-20|11-20|11-20|31-40|41-50,2
01,1-10|11-20|11-20|11-20|31-40|51-60,1
01,1-10|11-20|11-20|11-20|41-50|41-50,1
01,1-10|11-20|11-20|21-30|21-30|31-40,2
01,1-10|11-20|11-20|21-30|21-30|41-50,1
01,1-10|11-20|11-20|21-30|21-30|51-60,1
01,1-10|11-20|11-20|21-30|31-40|31-40,3
01,1-10|11-20|11-20|21-30|31-40|41-50,5
01,1-10|11-20|11-20|21-30|31-40|51-60,2
01,1-10|11-20|11-20|21-30|41-50|41-50,1
01,1-10|11-20|11-20|21-30|41-50|51-60,3
01,1-10|11-20|11-20|21-30|51-60|51-60,1
01,1-10|11-20|11-20|31-40|31-40|41-50,1
01,1-10|11-20|11-20|31-40|31-40|51-60,1
01,1-10|11-20|11-20|31-40|41-50|51-60,3
01,1-10|11-20|11-20|31-40|51-60|51-60,1
01,1-10|11-20|11-20|41-50|41-50|51-60,2
01,1-10|11-20|11-20|41-50|51-60|51-60,1
01,1-10|11-20|21-30|21-30|31-40|41-50,3
01,1-10|11-20|21-30|21-30|31-40|51-60,4
01,1-10|11-20|21-30|21-30|41-50|41-50,2
01,1-10|11-20|21-30|21-30|51-60|51-60,4
01,1-10|11-20|21-30|31-40|31-40|31-40,2
01,1-10|11-20|21-30|31-40|31-40|41-50,2
01,1-10|11-20|21-30|31-40|31-40|51-60,2
01,1-10|11-20|21-30|31-40|41-50|41-50,5
01,1-10|11-20|21-30|31-40|41-50|51-60,8
01,1-10|11-20|21-30|41-50|41-50|41-50,1
01,1-10|11-20|21-30|41-50|41-50|51-60,5
01,1-10|11-20|21-30|41-50|51-60|51-60,3
01,1-10|11-20|31-40|31-40|41-50|51-60,2
01,1-10|11-20|31-40|41-50|51-60|51-60,7
01,1-10|11-20|41-50|41-50|41-50|51-60,1
01,1-10|11-20|41-50|41-50|51-60|51-60,1
01,1-10|11-20|41-50|51-60|51-60|51-60,1
01,1-10|11-20|51-60|51-60|51-60|51-60,1
01,1-10|21-30|21-30|21-30|41-50|51-60,2
01,1-10|21-30|21-30|31-40|31-40|41-50,1
01,1-10|21-30|21-30|31-40|31-40|51-60,1
01,1-10|21-30|21-30|31-40|41-50|41-50,2
01,1-10|21-30|21-30|31-40|41-50|51-60,3
01,1-10|21-30|21-30|41-50|41-50|41-50,1
01,1-10|21-30|21-30|41-50|51-60|51-60,1
01,1-10|21-30|31-40|31-40|31-40|41-50,1
01,1-10|21-30|31-40|31-40|31-40|51-60,1
01,1-10|21-30|31-40|31-40|41-50|41-50,1
01,1-10|21-30|31-40|31-40|41-50|51-60,2
01,1-10|21-30|31-40|31-40|51-60|51-60,3
01,1-10|21-30|31-40|41-50|41-50|51-60,3
01,1-10|21-30|31-40|41-50|51-60|51-60,5
01,1-10|31-40|31-40|41-50|41-50|41-50,2
01,1-10|31-40|31-40|41-50|51-60|51-60,2
01,1-10|31-40|41-50|41-50|41-50|41-50,1
01,1-10|31-40|41-50|41-50|51-60|51-60,1
01,1-10|31-40|41-50|51-60|51-60|51-60,1
01,1-10|41-50|41-50|41-50|41-50|51-60,1
01,1-10|41-50|41-50|41-50|51-60|51-60,1
01,11-20|11-20|11-20|21-30|41-50|51-60,2
01,11-20|11-20|11-20|31-40|31-40|41-50,1
01,11-20|11-20|11-20|31-40|41-50|41-50,1
01,11-20|11-20|11-20|31-40|41-50|51-60,1
01,11-20|11-20|11-20|31-40|51-60|51-60,1
01,11-20|11-20|11-20|41-50|51-60|51-60,1
01,11-20|11-20|21-30|21-30|31-40|41-50,1
01,11-20|11-20|21-30|21-30|31-40|51-60,1
01,11-20|11-20|21-30|21-30|41-50|41-50,1
01,11-20|11-20|21-30|21-30|41-50|51-60,2
01,11-20|11-20|21-30|21-30|51-60|51-60,1
01,11-20|11-20|21-30|31-40|31-40|41-50,2
01,11-20|11-20|21-30|31-40|31-40|51-60,1
01,11-20|11-20|21-30|31-40|41-50|41-50,2
01,11-20|11-20|21-30|31-40|41-50|51-60,2
01,11-20|11-20|21-30|41-50|41-50|51-60,2
01,11-20|11-20|31-40|31-40|31-40|41-50,1
01,11-20|11-20|31-40|31-40|41-50|51-60,1
01,11-20|11-20|31-40|41-50|41-50|41-50,1
01,11-20|11-20|31-40|41-50|41-50|51-60,1
01,11-20|11-20|41-50|51-60|51-60|51-60,2
01,11-20|11-20|51-60|51-60|51-60|51-60,1
01,11-20|21-30|21-30|21-30|31-40|41-50,1
01,11-20|21-30|21-30|21-30|41-50|51-60,1
01,11-20|21-30|21-30|31-40|41-50|41-50,2
01,11-20|21-30|21-30|31-40|41-50|51-60,2
01,11-20|21-30|21-30|31-40|51-60|51-60,2
01,11-20|21-30|21-30|41-50|41-50|51-60,1
01,11-20|21-30|21-30|41-50|51-60|51-60,1
01,11-20|21-30|31-40|31-40|31-40|41-50,1
01,11-20|21-30|31-40|31-40|41-50|51-60,3
01,11-20|21-30|31-40|41-50|41-50|41-50,1
01,11-20|21-30|31-40|41-50|51-60|51-60,3
01,11-20|21-30|41-50|41-50|41-50|41-50,1
01,11-20|21-30|41-50|41-50|41-50|51-60,1
01,11-20|31-40|31-40|31-40|41-50|51-60,1
01,11-20|31-40|31-40|41-50|41-50|51-60,2
01,11-20|31-40|31-40|41-50|51-60|51-60,1
01,11-20|31-40|31-40|51-60|51-60|51-60,1
01,11-20|31-40|41-50|41-50|51-60|51-60,1
01,11-20|31-40|41-50|51-60|51-60|51-60,1
01,11-20|41-50|41-50|51-60|51-60|51-60,1
01,21-30|21-30|21-30|31-40|41-50|41-50,1
01,21-30|21-30|21-30|31-40|41-50|51-60,1
01,21-30|21-30|21-30|51-60|51-60|51-60,1
01,21-30|21-30|31-40|41-50|41-50|41-50,1
01,21-30|21-30|31-40|41-50|51-60|51-60,3
01,21-30|21-30|41-50|41-50|51-60|51-60,2
01,21-30|31-40|31-40|31-40|41-50|41-50,1
01,21-30|31-40|31-40|41-50|41-50|51-60,1
01,21-30|31-40|31-40|41-50|51-60|51-60,2
01,21-30|31-40|31-40|51-60|51-60|51-60,1
01,21-30|31-40|41-50|41-50|51-60|51-60,2
01,31-40|31-40|41-50|41-50|41-50|51-60,1
02,1-10|1-10|1-10|1-10|11-20|41-50,1
02,1-10|1-10|1-10|11-20|11-20|31-40,2
02,1-10|1-10|1-10|11-20|21-30|21-30,1
02,1-10|1-10|1-10|11-20|21-30|31-40,1
02,1-10|1-10|1-10|11-20|31-40|41-50,2
02,1-10|1-10|1-10|11-20|41-50|51-60,1
02,1-10|1-10|1-10|21-30|21-30|31-40,1
02,1-10|1-10|1-10|21-30|21-30|41-50,1
02,1-10|1-10|1-10|21-30|41-50|51-60,1
02,1-10|1-10|1-10|31-40|41-50|41-50,1
02,1-10|1-10|1-10|41-50|51-60|51-60,2
02,1-10|1-10|11-20|11-20|11-20|31-40,1
02,1-10|1-10|11-20|11-20|21-30|31-40,1
02,1-10|1-10|11-20|11-20|21-30|51-60,1
02,1-10|1-10|11-20|11-20|31-40|31-40,2
02,1-10|1-10|11-20|11-20|31-40|41-50,4
02,1-10|1-10|11-20|11-20|31-40|51-60,2
02,1-10|1-10|11-20|11-20|41-50|41-50,1
02,1-10|1-10|11-20|11-20|41-50|51-60,2
02,1-10|1-10|11-20|21-30|21-30|21-30,1
02,1-10|1-10|11-20|21-30|21-30|51-60,2
02,1-10|1-10|11-20|21-30|31-40|31-40,1
02,1-10|1-10|11-20|21-30|31-40|41-50,1
02,1-10|1-10|11-20|21-30|31-40|51-60,2
02,1-10|1-10|11-20|21-30|41-50|41-50,1
02,1-10|1-10|11-20|21-30|51-60|51-60,3
02,1-10|1-10|11-20|31-40|31-40|31-40,1
02,1-10|1-10|11-20|31-40|31-40|51-60,2
02,1-10|1-10|11-20|31-40|41-50|41-50,1
02,1-10|1-10|11-20|31-40|41-50|51-60,3
02,1-10|1-10|11-20|41-50|41-50|51-60,1
02,1-10|1-10|11-20|41-50|51-60|51-60,2
02,1-10|1-10|11-20|51-60|51-60|51-60,1
02,1-10|1-10|21-30|21-30|31-40|41-50,1
02,1-10|1-10|21-30|21-30|41-50|41-50,3
02,1-10|1-10|21-30|21-30|41-50|51-60,1
02,1-10|1-10|21-30|31-40|41-50|41-50,2
02,1-10|1-10|21-30|41-50|51-60|51-60,3
02,1-10|1-10|31-40|31-40|31-40|41-50,1
02,1-10|1-10|31-40|31-40|31-40|51-60,1
02,1-10|1-10|31-40|31-40|41-50|41-50,2
02,1-10|1-10|31-40|31-40|41-50|51-60,1
02,1-10|1-10|31-40|41-50|41-50|51-60,1
02,1-10|1-10|31-40|41-50|51-60|51-60,2
02,1-10|1-10|51-60|51-60|51-60|51-60,1
02,1-10|11-20|11-20|11-20|21-30|41-50,2
02,1-10|11-20|11-20|11-20|31-40|51-60,1
02,1-10|11-20|11-20|11-20|41-50|41-50,1
02,1-10|11-20|11-20|11-20|51-60|51-60,1
02,1-10|11-20|11-20|21-30|21-30|21-30,1
02,1-10|11-20|11-20|21-30|21-30|31-40,1
02,1-10|11-20|11-20|21-30|21-30|41-50,1
02,1-10|11-20|11-20|21-30|21-30|51-60,1
02,1-10|11-20|11-20|21-30|31-40|41-50,1
02,1-10|11-20|11-20|21-30|31-40|51-60,1
02,1-10|11-20|11-20|21-30|41-50|51-60,3
02,1-10|11-20|11-20|21-30|51-60|51-60,1
02,1-10|11-20|11-20|31-40|31-40|41-50,1
02,1-10|11-20|11-20|31-40|41-50|41-50,1
02,1-10|11-20|11-20|31-40|41-50|51-60,2
02,1-10|11-20|11-20|31-40|51-60|51-60,2
02,1-10|11-20|11-20|41-50|41-50|51-60,3
02,1-10|11-20|21-30|21-30|21-30|51-60,2
02,1-10|11-20|21-30|21-30|31-40|41-50,1
02,1-10|11-20|21-30|21-30|31-40|51-60,2
02,1-10|11-20|21-30|21-30|41-50|41-50,2
02,1-10|11-20|21-30|21-30|41-50|51-60,1
02,1-10|11-20|21-30|31-40|31-40|31-40,2
02,1-10|11-20|21-30|31-40|31-40|51-60,2
02,1-10|11-20|21-30|31-40|41-50|51-60,1
02,1-10|11-20|21-30|31-40|51-60|51-60,4
02,1-10|11-20|21-30|41-50|41-50|51-60,3
02,1-10|11-20|21-30|41-50|51-60|51-60,1
02,1-10|11-20|31-40|31-40|31-40|51-60,2
02,1-10|11-20|31-40|31-40|41-50|41-50,1
02,1-10|11-20|31-40|31-40|41-50|51-60,3
02,1-10|11-20|31-40|41-50|41-50|41-50,1
02,1-10|11-20|31-40|41-50|41-50|51-60,2
02,1-10|11-20|31-40|41-50|51-60|51-60,2
02,1-10|11-20|31-40|51-60|51-60|51-60,1
02,1-10|11-20|41-50|41-50|41-50|41-50,1
02,1-10|11-20|41-50|41-50|51-60|51-60,1
02,1-10|11-20|41-50|51-60|51-60|51-60,1
02,1-10|21-30|21-30|21-30|41-50|41-50,2
02,1-10|21-30|21-30|31-40|31-40|41-50,1
02,1-10|21-30|21-30|31-40|41-50|41-50,1
02,1-10|21-30|21-30|31-40|51-60|51-60,1
02,1-10|21-30|31-40|31-40|31-40|51-60,4
02,1-10|21-30|31-40|31-40|41-50|41-50,1
02,1-10|21-30|31-40|31-40|41-50|51-60,1
02,1-10|21-30|31-40|31-40|51-60|51-60,3
02,1-10|21-30|31-40|41-50|41-50|41-50,2
02,1-10|21-30|31-40|41-50|41-50|51-60,2
02,1-10|21-30|31-40|41-50|51-60|51-60,2
02,1-10|21-30|41-50|41-50|41-50|41-50,1
02,1-10|21-30|41-50|41-50|51-60|51-60,1
02,1-10|21-30|41-50|51-60|51-60|51-60,1
02,1-10|31-40|31-40|31-40|51-60|51-60,1
02,1-10|31-40|41-50|41-50|41-50|51-60,1
02,1-10|31-40|41-50|41-50|51-60|51-60,1
02,1-10|31-40|41-50|51-60|51-60|51-60,2
02,11-20|11-20|11-20|21-30|51-60|51-60,1
02,11-20|11-20|11-20|31-40|41-50|51-60,2
02,11-20|11-20|21-30|21-30|21-30|31-40,1
02,11-20|11-20|21-30|21-30|21-30|41-50,2
02,11-20|11-20|21-30|21-30|31-40|51-60,2
02,11-20|11-20|21-30|21-30|41-50|41-50,2
02,11-20|11-20|21-30|21-30|41-50|51-60,1
02,11-20|11-20|21-30|21-30|51-60|51-60,1
02,11-20|11-20|21-30|31-40|31-40|31-40,1
02,11-20|11-20|21-30|31-40|31-40|51-60,3
02,11-20|11-20|21-30|31-40|41-50|41-50,1
02,11-20|11-20|21-30|31-40|51-60|51-60,4
02,11-20|11-20|21-30|41-50|41-50|51-60,2
02,11-20|11-20|21-30|41-50|51-60|51-60,1
02,11-20|11-20|21-30|51-60|51-60|51-60,1
02,11-20|11-20|31-40|41-50|41-50|51-60,2
02,11-20|11-20|41-50|41-50|51-60|51-60,4
02,11-20|21-30|21-30|21-30|41-50|41-50,1
02,11-20|21-30|21-30|21-30|41-50|51-60,2
02,11-20|21-30|21-30|21-30|51-60|51-60,1
02,11-20|21-30|21-30|31-40|31-40|41-50,1
02,11-20|21-30|21-30|31-40|41-50|41-50,1
02,11-20|21-30|21-30|31-40|41-50|51-60,2
02,11-20|21-30|21-30|41-50|41-50|51-60,1
02,11-20|21-30|21-30|51-60|51-60|51-60,1
02,11-20|21-30|31-40|31-40|41-50|41-50,2
02,11-20|21-30|31-40|31-40|41-50|51-60,1
02,11-20|21-30|31-40|41-50|51-60|51-60,6
02,11-20|21-30|41-50|41-50|41-50|41-50,2
02,11-20|21-30|41-50|41-50|41-50|51-60,1
02,11-20|21-30|41-50|41-50|51-60|51-60,1
02,11-20|21-30|41-50|51-60|51-60|51-60,3
02,11-20|31-40|31-40|41-50|51-60|51-60,3
02,11-20|31-40|41-50|41-50|41-50|51-60,1
02,11-20|31-40|41-50|51-60|51-60|51-60,2
02,21-30|21-30|21-30|31-40|31-40|41-50,2
02,21-30|21-30|21-30|31-40|31-40|51-60,1
02,21-30|21-30|21-30|41-50|51-60|51-60,1
02,21-30|21-30|41-50|41-50|41-50|51-60,1
02,21-30|31-40|31-40|31-40|41-50|51-60,1
02,21-30|31-40|31-40|41-50|41-50|51-60,3
02,21-30|31-40|31-40|41-50|51-60|51-60,1
02,21-30|31-40|41-50|41-50|51-60|51-60,1
02,21-30|31-40|41-50|51-60|51-60|51-60,3
03,1-10|1-10|1-10|1-10|11-20|31-40,1
03,1-10|1-10|1-10|1-10|21-30|51-60,1
03,1-10|1-10|1-10|11-20|11-20|21-30,1
03,1-10|1-10|1-10|11-20|21-30|41-50,2
03,1-10|1-10|1-10|11-20|21-30|51-60,1
03,1-10|1-10|1-10|11-20|31-40|41-50,1
03,1-10|1-10|1-10|11-20|31-40|51-60,1
03,1-10|1-10|1-10|11-20|41-50|41-50,1
03,1-10|1-10|1-10|11-20|41-50|51-60,1
03,1-10|1-10|1-10|21-30|31-40|51-60,1
03,1-10|1-10|1-10|21-30|41-50|41-50,1
03,1-10|1-10|1-10|21-30|41-50|51-60,1
03,1-10|1-10|1-10|31-40|51-60|51-60,1
03,1-10|1-10|1-10|41-50|51-60|51-60,1
03,1-10|1-10|11-20|11-20|11-20|41-50,1
03,1-10|1-10|11-20|11-20|21-30|51-60,1
03,1-10|1-10|11-20|11-20|31-40|31-40,1
03,1-10|1-10|11-20|11-20|31-40|41-50,2
03,1-10|1-10|11-20|11-20|41-50|41-50,2
03,1-10|1-10|11-20|11-20|41-50|51-60,1
03,1-10|1-10|11-20|11-20|51-60|51-60,1
03,1-10|1-10|11-20|21-30|21-30|31-40,1
03,1-10|1-10|11-20|21-30|21-30|41-50,2
03,1-10|1-10|11-20|21-30|21-30|51-60,2
03,1-10|1-10|11-20|21-30|31-40|31-40,1
03,1-10|1-10|11-20|21-30|31-40|41-50,3
03,1-10|1-10|11-20|21-30|31-40|51-60,3
03,1-10|1-10|11-20|21-30|41-50|51-60,5
03,1-10|1-10|11-20|21-30|51-60|51-60,1
03,1-10|1-10|11-20|31-40|31-40|41-50,3
03,1-10|1-10|11-20|31-40|31-40|51-60,1
03,1-10|1-10|11-20|31-40|41-50|41-50,1
03,1-10|1-10|11-20|31-40|51-60|51-60,1
03,1-10|1-10|21-30|21-30|31-40|41-50,1
03,1-10|1-10|21-30|21-30|31-40|51-60,1
03,1-10|1-10|21-30|21-30|41-50|51-60,1
03,1-10|1-10|21-30|21-30|51-60|51-60,1
03,1-10|1-10|21-30|31-40|31-40|41-50,1
03,1-10|1-10|21-30|31-40|31-40|51-60,2
03,1-10|1-10|21-30|31-40|41-50|41-50,1
03,1-10|1-10|21-30|31-40|41-50|51-60,5
03,1-10|1-10|21-30|31-40|51-60|51-60,2
03,1-10|1-10|21-30|41-50|41-50|51-60,1
03,1-10|1-10|21-30|41-50|51-60|51-60,1
03,1-10|1-10|31-40|31-40|41-50|51-60,1
03,1-10|1-10|31-40|41-50|41-50|51-60,1
03,1-10|1-10|31-40|41-50|51-60|51-60,2
03,1-10|1-10|41-50|41-50|41-50|51-60,2
03,1-10|1-10|41-50|41-50|51-60|51-60,1
03,1-10|1-10|41-50|51-60|51-60|51-60,1
03,1-10|11-20|11-20|11-20|11-20|41-50,1
03,1-10|11-20|11-20|11-20|21-30|41-50,1
03,1-10|11-20|11-20|11-20|21-30|51-60,1
03,1-10|11-20|11-20|11-20|31-40|41-50,1
03,1-10|11-20|11-20|11-20|31-40|51-60,1
03,1-10|11-20|11-20|21-30|21-30|31-40,1
03,1-10|11-20|11-20|21-30|21-30|41-50,3
03,1-10|11-20|11-20|21-30|21-30|51-60,1
03,1-10|11-20|11-20|21-30|31-40|31-40,1
03,1-10|11-20|11-20|21-30|31-40|41-50,1
03,1-10|11-20|11-20|21-30|31-40|51-60,2
03,1-10|11-20|11-20|21-30|41-50|41-50,1
03,1-10|11-20|11-20|21-30|41-50|51-60,1
03,1-10|11-20|11-20|21-30|51-60|51-60,1
03,1-10|11-20|11-20|31-40|31-40|31-40,1
03,1-10|11-20|11-20|31-40|31-40|41-50,3
03,1-10|11-20|11-20|31-40|31-40|51-60,1
03,1-10|11-20|11-20|31-40|41-50|41-50,1
03,1-10|11-20|11-20|31-40|41-50|51-60,2
03,1-10|11-20|11-20|31-40|51-60|51-60,2
03,1-10|11-20|11-20|41-50|41-50|51-60,1
03,1-10|11-20|11-20|41-50|51-60|51-60,3
03,1-10|11-20|21-30|21-30|21-30|41-50,1
03,1-10|11-20|21-30|21-30|31-40|41-50,3
03,1-10|11-20|21-30|21-30|31-40|51-60,2
03,1-10|11-20|21-30|21-30|41-50|41-50,1
03,1-10|11-20|21-30|21-30|41-50|51-60,2
03,1-10|11-20|21-30|21-30|51-60|51-60,1
03,1-10|11-20|21-30|31-40|31-40|31-40,2
03,1-10|11-20|21-30|31-40|31-40|41-50,2
03,1-10|11-20|21-30|31-40|31-40|51-60,3
03,1-10|11-20|21-30|31-40|41-50|41-50,1
03,1-10|11-20|21-30|31-40|41-50|51-60,3
03,1-10|11-20|21-30|31-40|51-60|51-60,1
03,1-10|11-20|21-30|41-50|41-50|51-60,2
03,1-10|11-20|21-30|41-50|51-60|51-60,3
03,1-10|11-20|31-40|31-40|31-40|41-50,2
03,1-10|11-20|31-40|31-40|31-40|51-60,1
03,1-10|11-20|31-40|31-40|41-50|41-50,2
03,1-10|11-20|31-40|31-40|41-50|51-60,3
03,1-10|11-20|31-40|31-40|51-60|51-60,1
03,1-10|11-20|31-40|41-50|41-50|41-50,1
03,1-10|11-20|31-40|41-50|41-50|51-60,7
03,1-10|11-20|31-40|41-50|51-60|51-60,2
03,1-10|11-20|31-40|51-60|51-60|51-60,2
03,1-10|11-20|41-50|41-50|51-60|51-60,1
03,1-10|11-20|41-50|51-60|51-60|51-60,1
03,1-10|21-30|21-30|21-30|31-40|31-40,1
03,1-10|21-30|21-30|21-30|41-50|51-60,1
03,1-10|21-30|21-30|21-30|51-60|51-60,1
03,1-10|21-30|21-30|31-40|31-40|41-50,1
03,1-10|21-30|21-30|31-40|41-50|51-60,2
03,1-10|21-30|21-30|41-50|41-50|41-50,1
03,1-10|21-30|21-30|41-50|51-60|51-60,1
03,1-10|21-30|31-40|31-40|31-40|41-50,1
03,1-10|21-30|31-40|31-40|41-50|41-50,1
03,1-10|21-30|31-40|31-40|41-50|51-60,1
03,1-10|21-30|31-40|31-40|51-60|51-60,1
03,1-10|21-30|31-40|41-50|41-50|51-60,2
03,1-10|21-30|31-40|41-50|51-60|51-60,3
03,1-10|21-30|31-40|51-60|51-60|51-60,1
03,1-10|21-30|41-50|41-50|41-50|51-60,1
03,1-10|21-30|41-50|41-50|51-60|51-60,2
03,1-10|21-30|41-50|51-60|51-60|51-60,2
03,1-10|31-40|31-40|31-40|41-50|51-60,1
03,1-10|31-40|31-40|41-50|41-50|41-50,1
03,1-10|31-40|31-40|41-50|51-60|51-60,2
03,1-10|31-40|31-40|51-60|51-60|51-60,1
03,1-10|31-40|41-50|41-50|41-50|51-60,2
03,1-10|31-40|41-50|41-50|51-60|51-60,1
03,1-10|41-50|41-50|41-50|41-50|51-60,2
03,11-20|11-20|11-20|11-20|21-30|31-40,1
03,11-20|11-20|11-20|11-20|31-40|31-40,1
03,11-20|11-20|11-20|11-20|51-60|51-60,1
03,11-20|11-20|11-20|21-30|31-40|41-50,1
03,11-20|11-20|11-20|21-30|41-50|41-50,1
03,11-20|11-20|11-20|21-30|41-50|51-60,1
03,11-20|11-20|21-30|21-30|31-40|31-40,2
03,11-20|11-20|21-30|21-30|31-40|41-50,1
03,11-20|11-20|21-30|31-40|31-40|41-50,1
03,11-20|11-20|21-30|31-40|31-40|51-60,1
03,11-20|11-20|21-30|31-40|41-50|41-50,1
03,11-20|11-20|21-30|31-40|41-50|51-60,1
03,11-20|11-20|21-30|41-50|41-50|41-50,1
03,11-20|11-20|21-30|41-50|41-50|51-60,1
03,11-20|11-20|21-30|41-50|51-60|51-60,1
03,11-20|11-20|21-30|51-60|51-60|51-60,1
03,11-20|11-20|31-40|31-40|31-40|31-40,1
03,11-20|11-20|31-40|31-40|41-50|51-60,3
03,11-20|11-20|31-40|41-50|41-50|51-60,1
03,11-20|11-20|31-40|51-60|51-60|51-60,1
03,11-20|11-20|41-50|41-50|41-50|51-60,1
03,11-20|11-20|41-50|51-60|51-60|51-60,1
03,11-20|21-30|21-30|21-30|31-40|41-50,1
03,11-20|21-30|21-30|31-40|31-40|51-60,2
03,11-20|21-30|21-30|31-40|41-50|51-60,5
03,11-20|21-30|21-30|31-40|51-60|51-60,1
03,11-20|21-30|21-30|41-50|41-50|51-60,1
03,11-20|21-30|21-30|41-50|51-60|51-60,1
03,11-20|21-30|31-40|31-40|31-40|51-60,1
03,11-20|21-30|31-40|31-40|41-50|41-50,2
03,11-20|21-30|31-40|31-40|41-50|51-60,3
03,11-20|21-30|31-40|41-50|41-50|41-50,1
03,11-20|21-30|31-40|41-50|41-50|51-60,3
03,11-20|21-30|31-40|41-50|51-60|51-60,3
03,11-20|21-30|41-50|51-60|51-60|51-60,1
03,11-20|31-40|31-40|31-40|41-50|51-60,1
03,11-20|31-40|41-50|41-50|41-50|51-60,1
03,11-20|31-40|41-50|51-60|51-60|51-60,1
03,11-20|41-50|41-50|51-60|51-60|51-60,1
03,21-30|21-30|21-30|31-40|31-40|51-60,1
03,21-30|21-30|21-30|31-40|41-50|41-50,1
03,21-30|21-30|21-30|31-40|41-50|51-60,1
03,21-30|21-30|21-30|31-40|51-60|51-60,2
03,21-30|21-30|31-40|31-40|41-50|41-50,1
03,21-30|21-30|31-40|41-50|41-50|51-60,1
03,21-30|21-30|31-40|41-50|51-60|51-60,1
03,21-30|21-30|31-40|51-60|51-60|51-60,1
03,21-30|31-40|31-40|31-40|31-40|41-50,1
03,21-30|31-40|31-40|41-50|51-60|51-60,1
03,21-30|31-40|41-50|51-60|51-60|51-60,1
03,21-30|41-50|41-50|41-50|41-50|51-60,1
03,21-30|41-50|41-50|41-50|51-60|51-60,2
03,21-30|41-50|41-50|51-60|51-60|51-60,2
03,31-40|31-40|41-50|41-50|41-50|51-60,1
03,31-40|31-40|41-50|41-50|51-60|51-60,1
03,41-50|41-50|51-60|51-60|51-60|51-60,1
04,1-10|1-10|1-10|11-20|11-20|41-50,1
04,1-10|1-10|1-10|21-30|31-40|31-40,1
04,1-10|1-10|1-10|21-30|31-40|41-50,2
04,1-10|1-10|1-10|21-30|41-50|51-60,2
04,1-10|1-10|1-10|31-40|31-40|51-60,1
04,1-10|1-10|1-10|41-50|41-50|51-60,1
04,1-10|1-10|11-20|11-20|11-20|31-40,1
04,1-10|1-10|11-20|11-20|21-30|31-40,2
04,1-10|1-10|11-20|11-20|21-30|41-50,1
04,1-10|1-10|11-20|11-20|21-30|51-60,1
04,1-10|1-10|11-20|11-20|31-40|41-50,2
04,1-10|1-10|11-20|11-20|41-50|51-60,2
04,1-10|1-10|11-20|11-20|51-60|51-60,1
04,1-10|1-10|11-20|21-30|21-30|31-40,1
04,1-10|1-10|11-20|21-30|21-30|51-60,2
04,1-10|1-10|11-20|21-30|31-40|31-40,2
04,1-10|1-10|11-20|21-30|31-40|41-50,3
04,1-10|1-10|11-20|21-30|31-40|51-60,3
04,1-10|1-10|11-20|21-30|41-50|41-50,2
04,1-10|1-10|11-20|21-30|41-50|51-60,1
04,1-10|1-10|11-20|31-40|31-40|51-60,1
04,1-10|1-10|11-20|31-40|41-50|41-50,1
04,1-10|1-10|11-20|31-40|41-50|51-60,3
04,1-10|1-10|11-20|31-40|51-60|51-60,2
04,1-10|1-10|11-20|41-50|41-50|51-60,1
04,1-10|1-10|11-20|41-50|51-60|51-60,2
04,1-10|1-10|21-30|21-30|31-40|31-40,1
04,1-10|1-10|21-30|21-30|31-40|41-50,1
04,1-10|1-10|21-30|31-40|31-40|41-50,1
04,1-10|1-10|21-30|31-40|31-40|51-60,3
04,1-10|1-10|21-30|31-40|41-50|41-50,1
04,1-10|1-10|21-30|31-40|41-50|51-60,4
04,1-10|1-10|21-30|31-40|51-60|51-60,1
04,1-10|1-10|21-30|41-50|41-50|41-50,1
04,1-10|1-10|21-30|41-50|41-50|51-60,3
04,1-10|1-10|21-30|51-60|51-60|51-60,1
04,1-10|1-10|31-40|41-50|41-50|51-60,2
04,1-10|1-10|31-40|41-50|51-60|51-60,2
04,1-10|1-10|41-50|41-50|51-60|51-60,1
04,1-10|11-20|11-20|11-20|11-20|51-60,1
04,1-10|11-20|11-20|11-20|21-30|21-30,1
04,1-10|11-20|11-20|11-20|21-30|31-40,4
04,1-10|11-20|11-20|11-20|21-30|51-60,1
04,1-10|11-20|11-20|11-20|31-40|41-50,1
04,1-10|11-20|11-20|11-20|31-40|51-60,1
04,1-10|11-20|11-20|11-20|41-50|51-60,1
04,1-10|11-20|11-20|21-30|21-30|41-50,3
04,1-10|11-20|11-20|21-30|21-30|51-60,1
04,1-10|11-20|11-20|21-30|31-40|31-40,1
04,1-10|11-20|11-20|21-30|31-40|41-50,3
04,1-10|11-20|11-20|21-30|31-40|51-60,1
04,1-10|11-20|11-20|21-30|41-50|41-50,2
04,1-10|11-20|11-20|21-30|51-60|51-60,1
04,1-10|11-20|11-20|31-40|31-40|31-40,1
04,1-10|11-20|11-20|31-40|31-40|41-50,2
04,1-10|11-20|11-20|31-40|31-40|51-60,1
04,1-10|11-20|11-20|31-40|41-50|51-60,1
04,1-10|11-20|21-30|21-30|21-30|41-50,2
04,1-10|11-20|21-30|21-30|21-30|51-60,1
04,1-10|11-20|21-30|21-30|31-40|31-40,1
04,1-10|11-20|21-30|21-30|31-40|51-60,1
04,1-10|11-20|21-30|21-30|41-50|41-50,1
04,1-10|11-20|21-30|21-30|41-50|51-60,2
04,1-10|11-20|21-30|21-30|51-60|51-60,3
04,1-10|11-20|21-30|31-40|31-40|31-40,1
04,1-10|11-20|21-30|31-40|31-40|41-50,3
04,1-10|11-20|21-30|31-40|31-40|51-60,2
04,1-10|11-20|21-30|31-40|41-50|41-50,3
04,1-10|11-20|21-30|31-40|41-50|51-60,4
04,1-10|11-20|21-30|31-40|51-60|51-60,2
04,1-10|11-20|21-30|41-50|41-50|41-50,1
04,1-10|11-20|21-30|41-50|41-50|51-60,4
04,1-10|11-20|21-30|41-50|51-60|51-60,2
04,1-10|11-20|21-30|51-60|51-60|51-60,1
04,1-10|11-20|31-40|31-40|31-40|41-50,1
04,1-10|11-20|31-40|31-40|31-40|51-60,1
04,1-10|11-20|31-40|31-40|41-50|51-60,4
04,1-10|11-20|31-40|41-50|41-50|41-50,1
04,1-10|11-20|31-40|41-50|41-50|51-60,4
04,1-10|11-20|31-40|41-50|51-60|51-60,1
04,1-10|11-20|31-40|51-60|51-60|51-60,2
04,1-10|11-20|41-50|41-50|41-50|51-60,1
04,1-10|11-20|41-50|41-50|51-60|51-60,1
04,1-10|11-20|41-50|51-60|51-60|51-60,1
04,1-10|11-20|51-60|51-60|51-60|51-60,1
04,1-10|21-30|21-30|21-30|21-30|41-50,1
04,1-10|21-30|21-30|21-30|31-40|51-60,2
04,1-10|21-30|21-30|21-30|41-50|51-60,1
04,1-10|21-30|21-30|31-40|31-40|41-50,2
04,1-10|21-30|21-30|31-40|31-40|51-60,1
04,1-10|21-30|21-30|31-40|41-50|51-60,2
04,1-10|21-30|21-30|31-40|51-60|51-60,3
04,1-10|21-30|21-30|41-50|51-60|51-60,1
04,1-10|21-30|21-30|51-60|51-60|51-60,1
04,1-10|21-30|31-40|31-40|31-40|41-50,1
04,1-10|21-30|31-40|31-40|41-50|41-50,4
04,1-10|21-30|31-40|31-40|41-50|51-60,1
04,1-10|21-30|31-40|31-40|51-60|51-60,2
04,1-10|21-30|31-40|41-50|41-50|51-60,5
04,1-10|21-30|31-40|41-50|51-60|51-60,2
04,1-10|21-30|41-50|41-50|41-50|41-50,1
04,1-10|21-30|41-50|41-50|41-50|51-60,1
04,1-10|21-30|41-50|41-50|51-60|51-60,1
04,1-10|21-30|51-60|51-60|51-60|51-60,1
04,1-10|31-40|31-40|41-50|41-50|51-60,1
04,1-10|31-40|31-40|51-60|51-60|51-60,1
04,1-10|31-40|41-50|41-50|41-50|51-60,1
04,1-10|31-40|41-50|41-50|51-60|51-60,2
04,1-10|41-50|41-50|51-60|51-60|51-60,1
04,11-20|11-20|11-20|21-30|31-40|41-50,1
04,11-20|11-20|11-20|21-30|31-40|51-60,1
04,11-20|11-20|11-20|21-30|41-50|51-60,2
04,11-20|11-20|21-30|21-30|31-40|41-50,2
04,11-20|11-20|21-30|21-30|31-40|51-60,1
04,11-20|11-20|21-30|21-30|41-50|41-50,1
04,11-20|11-20|21-30|21-30|41-50|51-60,1
04,11-20|11-20|21-30|31-40|31-40|51-60,1
04,11-20|11-20|21-30|31-40|41-50|41-50,1
04,11-20|11-20|21-30|31-40|41-50|51-60,2
04,11-20|11-20|21-30|31-40|51-60|51-60,4
04,11-20|11-20|21-30|41-50|51-60|51-60,2
04,11-20|11-20|21-30|51-60|51-60|51-60,1
04,11-20|11-20|31-40|31-40|31-40|41-50,1
04,11-20|11-20|31-40|31-40|31-40|51-60,1
04,11-20|11-20|31-40|31-40|41-50|41-50,2
04,11-20|11-20|31-40|41-50|41-50|41-50,1
04,11-20|11-20|31-40|41-50|41-50|51-60,2
04,11-20|11-20|31-40|41-50|51-60|51-60,2
04,11-20|11-20|31-40|51-60|51-60|51-60,1
04,11-20|11-20|41-50|41-50|51-60|51-60,1
04,11-20|21-30|21-30|21-30|31-40|41-50,1
04,11-20|21-30|21-30|21-30|31-40|51-60,1
04,11-20|21-30|21-30|21-30|41-50|41-50,1
04,11-20|21-30|21-30|21-30|41-50|51-60,1
04,11-20|21-30|21-30|31-40|41-50|41-50,1
04,11-20|21-30|21-30|31-40|41-50|51-60,2
04,11-20|21-30|21-30|41-50|51-60|51-60,2
04,11-20|21-30|31-40|31-40|31-40|41-50,1
04,11-20|21-30|31-40|31-40|41-50|41-50,1
04,11-20|21-30|31-40|31-40|41-50|51-60,4
04,11-20|21-30|31-40|31-40|51-60|51-60,1
04,11-20|21-30|31-40|41-50|41-50|51-60,1
04,11-20|21-30|31-40|41-50|51-60|51-60,1
04,11-20|21-30|41-50|41-50|51-60|51-60,1
04,11-20|21-30|41-50|51-60|51-60|51-60,1
04,11-20|31-40|31-40|31-40|41-50|41-50,1
04,11-20|31-40|31-40|41-50|51-60|51-60,1
04,11-20|31-40|41-50|41-50|51-60|51-60,1
04,11-20|31-40|41-50|51-60|51-60|51-60,1
04,21-30|21-30|31-40|31-40|41-50|41-50,1
04,21-30|21-30|31-40|31-40|41-50|51-60,3
04,21-30|21-30|31-40|31-40|51-60|51-60,1
04,21-30|21-30|41-50|41-50|41-50|51-60,1
04,21-30|31-40|31-40|31-40|41-50|41-50,1
04,21-30|31-40|31-40|31-40|41-50|51-60,1
04,21-30|31-40|31-40|41-50|41-50|51-60,2
04,21-30|31-40|31-40|51-60|51-60|51-60,1
04,21-30|31-40|41-50|41-50|51-60|51-60,1
04,31-40|31-40|31-40|31-40|51-60|51-60,1
04,31-40|31-40|31-40|41-50|41-50|41-50,1
04,31-40|31-40|31-40|41-50|41-50|51-60,1
04,31-40|31-40|31-40|41-50|51-60|51-60,1
04,31-40|31-40|41-50|41-50|51-60|51-60,1
05,1-10|1-10|1-10|1-10|11-20|41-50,1
05,1-10|1-10|1-10|11-20|11-20|31-40,1
05,1-10|1-10|1-10|11-20|21-30|21-30,2
05,1-10|1-10|1-10|11-20|21-30|31-40,2
05,1-10|1-10|1-10|11-20|21-30|41-50,1
05,1-10|1-10|1-10|11-20|41-50|51-60,2
05,1-10|1-10|1-10|11-20|51-60|51-60,1
05,1-10|1-10|1-10|21-30|41-50|51-60,2
05,1-10|1-10|1-10|31-40|41-50|51-60,1
05,1-10|1-10|11-20|11-20|11-20|51-60,1
05,1-10|1-10|11-20|11-20|21-30|31-40,2
05,1-10|1-10|11-20|11-20|21-30|41-50,2
05,1-10|1-10|11-20|11-20|21-30|51-60,1
05,1-10|1-10|11-20|11-20|31-40|51-60,3
05,1-10|1-10|11-20|21-30|21-30|41-50,2
05,1-10|1-10|11-20|21-30|21-30|51-60,2
05,1-10|1-10|11-20|21-30|31-40|41-50,2
05,1-10|1-10|11-20|21-30|31-40|51-60,3
05,1-10|1-10|11-20|21-30|41-50|41-50,2
05,1-10|1-10|11-20|21-30|41-50|51-60,2
05,1-10|1-10|11-20|21-30|51-60|51-60,1
05,1-10|1-10|11-20|31-40|31-40|41-50,1
05,1-10|1-10|11-20|31-40|31-40|51-60,2
05,1-10|1-10|11-20|31-40|41-50|51-60,2
05,1-10|1-10|11-20|31-40|51-60|51-60,1
05,1-10|1-10|11-20|41-50|41-50|41-50,1
05,1-10|1-10|11-20|41-50|41-50|51-60,1
05,1-10|1-10|21-30|21-30|31-40|31-40,1
05,1-10|1-10|21-30|21-30|41-50|41-50,1
05,1-10|1-10|21-30|21-30|41-50|51-60,1
05,1-10|1-10|21-30|31-40|31-40|41-50,1
05,1-10|1-10|21-30|31-40|31-40|51-60,1
05,1-10|1-10|21-30|31-40|41-50|41-50,2
05,1-10|1-10|21-30|31-40|41-50|51-60,4
05,1-10|1-10|21-30|31-40|51-60|51-60,2
05,1-10|1-10|21-30|41-50|51-60|51-60,1
05,1-10|1-10|21-30|51-60|51-60|51-60,1
05,1-10|1-10|31-40|31-40|31-40|41-50,1
05,1-10|1-10|31-40|31-40|41-50|41-50,1
05,1-10|1-10|31-40|31-40|41-50|51-60,1
05,1-10|1-10|31-40|41-50|41-50|41-50,1
05,1-10|1-10|31-40|41-50|51-60|51-60,1
05,1-10|1-10|41-50|41-50|51-60|51-60,2
05,1-10|1-10|41-50|51-60|51-60|51-60,1
05,1-10|11-20|11-20|11-20|11-20|31-40,1
05,1-10|11-20|11-20|11-20|21-30|31-40,2
05,1-10|11-20|11-20|11-20|21-30|41-50,1
05,1-10|11-20|11-20|11-20|21-30|51-60,1
05,1-10|11-20|11-20|11-20|31-40|51-60,3
05,1-10|11-20|11-20|21-30|31-40|31-40,4
05,1-10|11-20|11-20|21-30|31-40|51-60,4
05,1-10|11-20|11-20|21-30|41-50|41-50,1
05,1-10|11-20|11-20|21-30|41-50|51-60,1
05,1-10|11-20|11-20|31-40|31-40|41-50,1
05,1-10|11-20|11-20|31-40|31-40|51-60,1
05,1-10|11-20|11-20|31-40|41-50|41-50,2
05,1-10|11-20|11-20|31-40|41-50|51-60,1
05,1-10|11-20|11-20|31-40|51-60|51-60,1
05,1-10|11-20|11-20|41-50|41-50|51-60,2
05,1-10|11-20|21-30|21-30|21-30|21-30,1
05,1-10|11-20|21-30|21-30|21-30|31-40,1
05,1-10|11-20|21-30|21-30|21-30|41-50,1
05,1-10|11-20|21-30|21-30|31-40|41-50,5
05,1-10|11-20|21-30|21-30|31-40|51-60,3
05,1-10|11-20|21-30|21-30|41-50|51-60,6
05,1-10|11-20|21-30|21-30|51-60|51-60,1
05,1-10|11-20|21-30|31-40|31-40|31-40,2
05,1-10|11-20|21-30|31-40|31-40|41-50,3
05,1-10|11-20|21-30|31-40|31-40|51-60,2
05,1-10|11-20|21-30|31-40|41-50|41-50,3
05,1-10|11-20|21-30|31-40|41-50|51-60,2
05,1-10|11-20|21-30|31-40|51-60|51-60,2
05,1-10|11-20|21-30|41-50|41-50|51-60,3
05,1-10|11-20|21-30|41-50|51-60|51-60,2
05,1-10|11-20|31-40|31-40|41-50|51-60,6
05,1-10|11-20|31-40|31-40|51-60|51-60,2
05,1-10|11-20|41-50|51-60|51-60|51-60,1
05,1-10|21-30|21-30|21-30|21-30|51-60,1
05,1-10|21-30|21-30|21-30|31-40|51-60,1
05,1-10|21-30|21-30|31-40|31-40|31-40,1
05,1-10|21-30|21-30|31-40|31-40|41-50,1
05,1-10|21-30|21-30|31-40|41-50|41-50,1
05,1-10|21-30|21-30|31-40|41-50|51-60,2
05,1-10|21-30|21-30|31-40|51-60|51-60,2
05,1-10|21-30|21-30|41-50|41-50|51-60,3
05,1-10|21-30|21-30|41-50|51-60|51-60,3
05,1-10|21-30|21-30|51-60|51-60|51-60,1
05,1-10|21-30|31-40|31-40|31-40|41-50,1
05,1-10|21-30|31-40|31-40|41-50|41-50,2
05,1-10|21-30|31-40|31-40|41-50|51-60,5
05,1-10|21-30|31-40|31-40|51-60|51-60,2
05,1-10|21-30|31-40|41-50|41-50|51-60,1
05,1-10|21-30|31-40|41-50|51-60|51-60,2
05,1-10|21-30|31-40|51-60|51-60|51-60,1
05,1-10|21-30|41-50|41-50|41-50|51-60,1
05,1-10|21-30|41-50|41-50|51-60|51-60,1
05,1-10|21-30|41-50|51-60|51-60|51-60,1
05,1-10|31-40|31-40|31-40|31-40|41-50,1
05,1-10|31-40|31-40|41-50|41-50|51-60,2
05,1-10|31-40|31-40|41-50|51-60|51-60,1
05,1-10|41-50|51-60|51-60|51-60|51-60,1
05,11-20|11-20|11-20|11-20|11-20|21-30,1
05,11-20|11-20|11-20|21-30|21-30|51-60,1
05,11-20|11-20|11-20|21-30|31-40|51-60,1
05,11-20|11-20|11-20|31-40|31-40|41-50,1
05,11-20|11-20|21-30|21-30|21-30|41-50,2
05,11-20|11-20|21-30|21-30|31-40|31-40,1
05,11-20|11-20|21-30|21-30|31-40|41-50,1
05,11-20|11-20|21-30|21-30|31-40|51-60,1
05,11-20|11-20|21-30|21-30|41-50|51-60,1
05,11-20|11-20|21-30|31-40|31-40|41-50,2
05,11-20|11-20|21-30|31-40|31-40|51-60,1
05,11-20|11-20|21-30|31-40|41-50|41-50,2
05,11-20|11-20|21-30|31-40|51-60|51-60,1
05,11-20|11-20|21-30|41-50|41-50|51-60,1
05,11-20|11-20|21-30|51-60|51-60|51-60,1
05,11-20|11-20|31-40|31-40|31-40|41-50,1
05,11-20|11-20|31-40|31-40|31-40|51-60,2
05,11-20|11-20|31-40|31-40|41-50|51-60,1
05,11-20|11-20|31-40|41-50|41-50|41-50,1
05,11-20|11-20|31-40|41-50|41-50|51-60,1
05,11-20|11-20|31-40|41-50|51-60|51-60,1
05,11-20|11-20|31-40|51-60|51-60|51-60,1
05,11-20|11-20|41-50|41-50|41-50|51-60,2
05,11-20|21-30|21-30|21-30|31-40|31-40,1
05,11-20|21-30|21-30|21-30|31-40|51-60,1
05,11-20|21-30|21-30|21-30|41-50|51-60,1
05,11-20|21-30|21-30|31-40|31-40|31-40,1
05,11-20|21-30|21-30|31-40|31-40|51-60,1
05,11-20|21-30|21-30|31-40|41-50|41-50,1
05,11-20|21-30|21-30|31-40|41-50|51-60,2
05,11-20|21-30|21-30|41-50|41-50|41-50,1
05,11-20|21-30|31-40|31-40|41-50|41-50,1
05,11-20|21-30|31-40|31-40|41-50|51-60,1
05,11-20|21-30|31-40|31-40|51-60|51-60,5
05,11-20|21-30|31-40|41-50|41-50|51-60,4
05,11-20|21-30|31-40|41-50|51-60|51-60,2
05,11-20|21-30|31-40|51-60|51-60|51-60,1
05,11-20|21-30|41-50|41-50|51-60|51-60,2
05,11-20|21-30|41-50|51-60|51-60|51-60,1
05,11-20|31-40|31-40|31-40|41-50|51-60,2
05,11-20|31-40|31-40|41-50|51-60|51-60,1
05,21-30|21-30|21-30|31-40|41-50|41-50,2
05,21-30|21-30|21-30|31-40|41-50|51-60,1
05,21-30|21-30|21-30|31-40|51-60|51-60,1
05,21-30|21-30|21-30|41-50|41-50|51-60,1
05,21-30|21-30|21-30|41-50|51-60|51-60,2
05,21-30|21-30|31-40|41-50|41-50|41-50,1
05,21-30|21-30|31-40|41-50|41-50|51-60,2
05,21-30|21-30|41-50|41-50|41-50|51-60,1
05,21-30|31-40|31-40|31-40|41-50|51-60,1
05,21-30|31-40|31-40|41-50|41-50|51-60,1
05,21-30|31-40|51-60|51-60|51-60|51-60,1
05,21-30|41-50|41-50|51-60|51-60|51-60,1
05,31-40|31-40|31-40|41-50|51-60|51-60,1
05,31-40|31-40|41-50|41-50|51-60|51-60,1
06,1-10|1-10|1-10|1-10|11-20|31-40,2
06,1-10|1-10|1-10|1-10|21-30|41-50,1
06,1-10|1-10|1-10|11-20|21-30|51-60,3
06,1-10|1-10|1-10|11-20|41-50|51-60,1
06,1-10|1-10|1-10|21-30|21-30|31-40,1
06,1-10|1-10|1-10|21-30|31-40|31-40,1
06,1-10|1-10|1-10|21-30|41-50|41-50,1
06,1-10|1-10|1-10|21-30|51-60|51-60,1
06,1-10|1-10|1-10|31-40|31-40|51-60,1
06,1-10|1-10|1-10|31-40|41-50|51-60,1
06,1-10|1-10|11-20|11-20|11-20|41-50,1
06,1-10|1-10|11-20|11-20|21-30|51-60,1
06,1-10|1-10|11-20|11-20|31-40|51-60,2
06,1-10|1-10|11-20|11-20|41-50|51-60,2
06,1-10|1-10|11-20|11-20|51-60|51-60,1
06,1-10|1-10|11-20|21-30|21-30|21-30,1
06,1-10|1-10|11-20|21-30|21-30|31-40,1
06,1-10|1-10|11-20|21-30|21-30|41-50,1
06,1-10|1-10|11-20|21-30|31-40|31-40,1
06,1-10|1-10|11-20|21-30|31-40|41-50,3
06,1-10|1-10|11-20|21-30|31-40|51-60,4
06,1-10|1-10|11-20|21-30|41-50|41-50,3
06,1-10|1-10|11-20|21-30|41-50|51-60,2
06,1-10|1-10|11-20|21-30|51-60|51-60,3
06,1-10|1-10|11-20|31-40|41-50|41-50,1
06,1-10|1-10|11-20|31-40|41-50|51-60,2
06,1-10|1-10|11-20|31-40|51-60|51-60,2
06,1-10|1-10|11-20|41-50|41-50|51-60,1
06,1-10|1-10|11-20|41-50|51-60|51-60,1
06,1-10|1-10|21-30|21-30|21-30|21-30,1
06,1-10|1-10|21-30|21-30|21-30|51-60,1
06,1-10|1-10|21-30|21-30|31-40|41-50,1
06,1-10|1-10|21-30|21-30|31-40|51-60,1
06,1-10|1-10|21-30|21-30|41-50|51-60,2
06,1-10|1-10|21-30|31-40|41-50|41-50,1
06,1-10|1-10|21-30|31-40|41-50|51-60,3
06,1-10|1-10|21-30|31-40|51-60|51-60,3
06,1-10|1-10|21-30|41-50|41-50|51-60,1
06,1-10|1-10|31-40|31-40|41-50|51-60,1
06,1-10|1-10|31-40|41-50|41-50|51-60,1
06,1-10|1-10|31-40|41-50|51-60|51-60,3
06,1-10|11-20|11-20|11-20|21-30|41-50,1
06,1-10|11-20|11-20|11-20|31-40|41-50,1
06,1-10|11-20|11-20|11-20|41-50|41-50,1
06,1-10|11-20|11-20|21-30|21-30|31-40,1
06,1-10|11-20|11-20|21-30|21-30|51-60,1
06,1-10|11-20|11-20|21-30|31-40|41-50,3
06,1-10|11-20|11-20|21-30|31-40|51-60,1
06,1-10|11-20|11-20|21-30|41-50|41-50,1
06,1-10|11-20|11-20|21-30|41-50|51-60,2
06,1-10|11-20|11-20|31-40|31-40|31-40,1
06,1-10|11-20|11-20|31-40|31-40|51-60,2
06,1-10|11-20|11-20|31-40|41-50|41-50,2
06,1-10|11-20|11-20|31-40|41-50|51-60,1
06,1-10|11-20|11-20|31-40|51-60|51-60,1
06,1-10|11-20|21-30|21-30|21-30|31-40,1
06,1-10|11-20|21-30|21-30|21-30|51-60,1
06,1-10|11-20|21-30|21-30|31-40|31-40,1
06,1-10|11-20|21-30|21-30|31-40|41-50,2
06,1-10|11-20|21-30|21-30|31-40|51-60,3
06,1-10|11-20|21-30|21-30|41-50|41-50,1
06,1-10|11-20|21-30|21-30|41-50|51-60,1
06,1-10|11-20|21-30|21-30|51-60|51-60,1
06,1-10|11-20|21-30|31-40|31-40|31-40,1
06,1-10|11-20|21-30|31-40|31-40|41-50,2
06,1-10|11-20|21-30|31-40|31-40|51-60,5
06,1-10|11-20|21-30|31-40|41-50|41-50,4
06,1-10|11-20|21-30|31-40|41-50|51-60,3
06,1-10|11-20|21-30|31-40|51-60|51-60,4
06,1-10|11-20|21-30|41-50|41-50|51-60,1
06,1-10|11-20|21-30|41-50|51-60|51-60,2
06,1-10|11-20|21-30|51-60|51-60|51-60,1
06,1-10|11-20|31-40|31-40|31-40|41-50,2
06,1-10|11-20|31-40|31-40|41-50|51-60,4
06,1-10|11-20|31-40|41-50|41-50|41-50,1
06,1-10|11-20|31-40|41-50|41-50|51-60,3
06,1-10|11-20|31-40|41-50|51-60|51-60,3
06,1-10|11-20|41-50|41-50|41-50|51-60,2
06,1-10|11-20|41-50|41-50|51-60|51-60,1
06,1-10|11-20|41-50|51-60|51-60|51-60,1
06,1-10|21-30|21-30|31-40|31-40|51-60,1
06,1-10|21-30|21-30|31-40|41-50|41-50,2
06,1-10|21-30|21-30|31-40|41-50|51-60,1
06,1-10|21-30|21-30|31-40|51-60|51-60,1
06,1-10|21-30|21-30|51-60|51-60|51-60,1
06,1-10|21-30|31-40|31-40|31-40|41-50,1
06,1-10|21-30|31-40|31-40|31-40|51-60,1
06,1-10|21-30|31-40|31-40|41-50|41-50,1
06,1-10|21-30|31-40|31-40|41-50|51-60,2
06,1-10|21-30|31-40|31-40|51-60|51-60,1
06,1-10|21-30|31-40|41-50|41-50|41-50,1
06,1-10|21-30|31-40|41-50|41-50|51-60,3
06,1-10|21-30|31-40|41-50|51-60|51-60,1
06,1-10|21-30|41-50|41-50|51-60|51-60,2
06,1-10|21-30|41-50|51-60|51-60|51-60,1
06,1-10|31-40|31-40|31-40|31-40|41-50,1
06,1-10|31-40|31-40|31-40|41-50|51-60,2
06,1-10|31-40|31-40|31-40|51-60|51-60,1
06,1-10|31-40|31-40|41-50|51-60|51-60,1
06,1-10|31-40|31-40|51-60|51-60|51-60,1
06,1-10|31-40|41-50|41-50|51-60|51-60,1
06,1-10|41-50|41-50|51-60|51-60|51-60,1
06,11-20|11-20|11-20|11-20|31-40|41-50,1
06,11-20|11-20|11-20|21-30|21-30|41-50,1
06,11-20|11-20|11-20|21-30|31-40|31-40,1
06,11-20|11-20|11-20|21-30|31-40|41-50,3
06,11-20|11-20|11-20|21-30|31-40|51-60,1
06,11-20|11-20|11-20|21-30|41-50|51-60,3
06,11-20|11-20|11-20|31-40|31-40|31-40,1
06,11-20|11-20|11-20|31-40|31-40|51-60,1
06,11-20|11-20|11-20|31-40|41-50|41-50,1
06,11-20|11-20|11-20|31-40|41-50|51-60,2
06,11-20|11-20|11-20|41-50|41-50|51-60,1
06,11-20|11-20|21-30|21-30|21-30|41-50,1
06,11-20|11-20|21-30|21-30|31-40|41-50,2
06,11-20|11-20|21-30|31-40|31-40|41-50,2
06,11-20|11-20|21-30|31-40|31-40|51-60,1
06,11-20|11-20|21-30|31-40|41-50|41-50,1
06,11-20|11-20|21-30|31-40|41-50|51-60,3
06,11-20|11-20|21-30|31-40|51-60|51-60,1
06,11-20|11-20|21-30|41-50|41-50|51-60,1
06,11-20|11-20|21-30|41-50|51-60|51-60,1
06,11-20|11-20|31-40|31-40|41-50|41-50,1
06,11-20|11-20|31-40|31-40|41-50|51-60,1
06,11-20|11-20|31-40|31-40|51-60|51-60,1
06,11-20|11-20|31-40|41-50|41-50|51-60,1
06,11-20|11-20|41-50|41-50|41-50|51-60,1
06,11-20|11-20|41-50|51-60|51-60|51-60,1
06,11-20|21-30|21-30|21-30|31-40|51-60,2
06,11-20|21-30|21-30|21-30|41-50|41-50,1
06,11-20|21-30|21-30|31-40|31-40|41-50,2
06,11-20|21-30|21-30|31-40|31-40|51-60,1
06,11-20|21-30|21-30|31-40|41-50|41-50,1
06,11-20|21-30|21-30|31-40|41-50|51-60,1
06,11-20|21-30|21-30|41-50|41-50|41-50,1
06,11-20|21-30|31-40|31-40|41-50|41-50,1
06,11-20|21-30|31-40|31-40|41-50|51-60,4
06,11-20|21-30|31-40|41-50|41-50|51-60,1
06,11-20|21-30|41-50|41-50|41-50|41-50,1
06,11-20|31-40|31-40|31-40|31-40|51-60,1
06,11-20|31-40|31-40|31-40|41-50|51-60,1
06,11-20|31-40|31-40|31-40|51-60|51-60,1
06,11-20|31-40|31-40|41-50|41-50|51-60,2
06,11-20|31-40|31-40|41-50|51-60|51-60,1
06,11-20|31-40|31-40|51-60|51-60|51-60,1
06,11-20|31-40|41-50|41-50|51-60|51-60,2
06,11-20|31-40|41-50|51-60|51-60|51-60,1
06,21-30|21-30|21-30|41-50|41-50|41-50,1
06,21-30|21-30|31-40|31-40|41-50|41-50,1
06,21-30|21-30|31-40|31-40|41-50|51-60,1
06,21-30|21-30|31-40|41-50|41-50|51-60,3
06,21-30|21-30|31-40|41-50|51-60|51-60,1
06,21-30|21-30|41-50|41-50|51-60|51-60,1
06,21-30|31-40|41-50|41-50|51-60|51-60,3
06,21-30|31-40|41-50|51-60|51-60|51-60,2
06,21-30|41-50|41-50|51-60|51-60|51-60,1
06,21-30|41-50|51-60|51-60|51-60|51-60,1
06,31-40|31-40|31-40|31-40|31-40|41-50,1
06,31-40|31-40|41-50|51-60|51-60|51-60,1
06,41-50|51-60|51-60|51-60|51-60|51-60,1
07,1-10|1-10|1-10|11-20|21-30|41-50,1
07,1-10|1-10|1-10|11-20|51-60|51-60,1
07,1-10|1-10|1-10|21-30|21-30|41-50,1
07,1-10|1-10|1-10|21-30|41-50|51-60,2
07,1-10|1-10|1-10|41-50|51-60|51-60,1
07,1-10|1-10|11-20|11-20|11-20|21-30,1
07,1-10|1-10|11-20|11-20|11-20|51-60,1
07,1-10|1-10|11-20|11-20|21-30|31-40,1
07,1-10|1-10|11-20|11-20|31-40|31-40,1
07,1-10|1-10|11-20|11-20|31-40|41-50,2
07,1-10|1-10|11-20|11-20|31-40|51-60,1
07,1-10|1-10|11-20|11-20|41-50|41-50,1
07,1-10|1-10|11-20|11-20|51-60|51-60,2
07,1-10|1-10|11-20|21-30|21-30|21-30,1
07,1-10|1-10|11-20|21-30|21-30|31-40,1
07,1-10|1-10|11-20|21-30|21-30|51-60,2
07,1-10|1-10|11-20|21-30|31-40|41-50,3
07,1-10|1-10|11-20|21-30|31-40|51-60,3
07,1-10|1-10|11-20|21-30|41-50|51-60,1
07,1-10|1-10|11-20|31-40|31-40|41-50,2
07,1-10|1-10|11-20|31-40|41-50|41-50,1
07,1-10|1-10|11-20|31-40|41-50|51-60,2
07,1-10|1-10|11-20|31-40|51-60|51-60,2
07,1-10|1-10|11-20|41-50|41-50|41-50,2
07,1-10|1-10|11-20|41-50|41-50|51-60,2
07,1-10|1-10|11-20|41-50|51-60|51-60,1
07,1-10|1-10|21-30|21-30|21-30|31-40,2
07,1-10|1-10|21-30|21-30|31-40|51-60,1
07,1-10|1-10|21-30|21-30|41-50|51-60,1
07,1-10|1-10|21-30|21-30|51-60|51-60,1
07,1-10|1-10|21-30|31-40|31-40|31-40,1
07,1-10|1-10|21-30|31-40|31-40|51-60,1
07,1-10|1-10|21-30|31-40|41-50|41-50,2
07,1-10|1-10|21-30|31-40|41-50|51-60,1
07,1-10|1-10|21-30|41-50|51-60|51-60,3
07,1-10|1-10|31-40|31-40|41-50|51-60,1
07,1-10|1-10|31-40|41-50|41-50|51-60,1
07,1-10|1-10|31-40|41-50|51-60|51-60,2
07,1-10|1-10|41-50|41-50|41-50|41-50,1
07,1-10|1-10|41-50|41-50|51-60|51-60,1
07,1-10|11-20|11-20|11-20|21-30|21-30,1
07,1-10|11-20|11-20|11-20|21-30|31-40,2
07,1-10|11-20|11-20|11-20|31-40|51-60,1
07,1-10|11-20|11-20|11-20|41-50|51-60,1
07,1-10|11-20|11-20|11-20|51-60|51-60,1
07,1-10|11-20|11-20|21-30|21-30|31-40,1
07,1-10|11-20|11-20|21-30|21-30|41-50,1
07,1-10|11-20|11-20|21-30|21-30|51-60,2
07,1-10|11-20|11-20|21-30|31-40|31-40,1
07,1-10|11-20|11-20|21-30|31-40|41-50,1
07,1-10|11-20|11-20|21-30|31-40|51-60,1
07,1-10|11-20|11-20|21-30|41-50|41-50,1
07,1-10|11-20|11-20|21-30|41-50|51-60,1
07,1-10|11-20|11-20|31-40|31-40|31-40,2
07,1-10|11-20|11-20|31-40|31-40|41-50,2
07,1-10|11-20|11-20|31-40|31-40|51-60,1
07,1-10|11-20|11-20|31-40|41-50|41-50,1
07,1-10|11-20|11-20|31-40|41-50|51-60,2
07,1-10|11-20|11-20|41-50|41-50|51-60,1
07,1-10|11-20|11-20|41-50|51-60|51-60,3
07,1-10|11-20|21-30|21-30|21-30|31-40,1
07,1-10|11-20|21-30|21-30|31-40|31-40,1
07,1-10|11-20|21-30|21-30|41-50|41-50,2
07,1-10|11-20|21-30|21-30|41-50|51-60,2
07,1-10|11-20|21-30|21-30|51-60|51-60,2
07,1-10|11-20|21-30|31-40|31-40|41-50,5
07,1-10|11-20|21-30|31-40|31-40|51-60,1
07,1-10|11-20|21-30|31-40|41-50|41-50,3
07,1-10|11-20|21-30|31-40|41-50|51-60,2
07,1-10|11-20|21-30|41-50|41-50|51-60,3
07,1-10|11-20|21-30|41-50|51-60|51-60,3
07,1-10|11-20|21-30|51-60|51-60|51-60,1
07,1-10|11-20|31-40|31-40|41-50|41-50,1
07,1-10|11-20|31-40|31-40|41-50|51-60,2
07,1-10|11-20|31-40|31-40|51-60|51-60,1
07,1-10|11-20|31-40|41-50|41-50|41-50,2
07,1-10|11-20|31-40|41-50|51-60|51-60,2
07,1-10|11-20|41-50|41-50|51-60|51-60,1
07,1-10|11-20|41-50|51-60|51-60|51-60,3
07,1-10|21-30|21-30|21-30|21-30|41-50,1
07,1-10|21-30|21-30|21-30|31-40|31-40,1
07,1-10|21-30|21-30|21-30|31-40|41-50,1
07,1-10|21-30|21-30|31-40|31-40|31-40,1
07,1-10|21-30|21-30|31-40|31-40|41-50,2
07,1-10|21-30|21-30|31-40|31-40|51-60,3
07,1-10|21-30|21-30|31-40|41-50|41-50,1
07,1-10|21-30|21-30|31-40|41-50|51-60,2
07,1-10|21-30|21-30|31-40|51-60|51-60,3
07,1-10|21-30|21-30|41-50|41-50|41-50,1
07,1-10|21-30|31-40|31-40|41-50|41-50,1
07,1-10|21-30|31-40|31-40|41-50|51-60,5
07,1-10|21-30|31-40|31-40|51-60|51-60,1
07,1-10|21-30|31-40|41-50|41-50|51-60,3
07,1-10|21-30|31-40|41-50|51-60|51-60,5
07,1-10|21-30|31-40|51-60|51-60|51-60,1
07,1-10|31-40|31-40|31-40|51-60|51-60,1
07,1-10|31-40|31-40|41-50|41-50|51-60,1
07,1-10|31-40|31-40|51-60|51-60|51-60,1
07,1-10|31-40|41-50|41-50|41-50|41-50,1
07,1-10|31-40|41-50|41-50|41-50|51-60,1
07,1-10|31-40|41-50|41-50|51-60|51-60,2
07,1-10|31-40|41-50|51-60|51-60|51-60,2
07,11-20|11-20|11-20|21-30|31-40|41-50,3
07,11-20|11-20|11-20|21-30|31-40|51-60,1
07,11-20|11-20|11-20|21-30|41-50|51-60,1
07,11-20|11-20|11-20|31-40|31-40|51-60,1
07,11-20|11-20|11-20|31-40|41-50|41-50,1
07,11-20|11-20|11-20|31-40|41-50|51-60,3
07,11-20|11-20|21-30|21-30|31-40|31-40,1
07,11-20|11-20|21-30|21-30|31-40|41-50,2
07,11-20|11-20|21-30|21-30|31-40|51-60,4
07,11-20|11-20|21-30|21-30|41-50|41-50,1
07,11-20|11-20|21-30|21-30|51-60|51-60,1
07,11-20|11-20|21-30|31-40|31-40|41-50,1
07,11-20|11-20|21-30|31-40|31-40|51-60,1
07,11-20|11-20|21-30|31-40|41-50|51-60,2
07,11-20|11-20|21-30|41-50|51-60|51-60,1
07,11-20|11-20|21-30|51-60|51-60|51-60,1
07,11-20|11-20|31-40|31-40|31-40|41-50,1
07,11-20|11-20|31-40|31-40|31-40|51-60,1
07,11-20|11-20|31-40|41-50|41-50|41-50,1
07,11-20|11-20|31-40|41-50|41-50|51-60,1
07,11-20|11-20|31-40|41-50|51-60|51-60,2
07,11-20|11-20|31-40|51-60|51-60|51-60,1
07,11-20|21-30|21-30|21-30|31-40|51-60,1
07,11-20|21-30|21-30|21-30|41-50|51-60,1
07,11-20|21-30|21-30|31-40|31-40|41-50,1
07,11-20|21-30|21-30|31-40|31-40|51-60,2
07,11-20|21-30|21-30|31-40|41-50|41-50,2
07,11-20|21-30|21-30|31-40|41-50|51-60,3
07,11-20|21-30|21-30|31-40|51-60|51-60,1
07,11-20|21-30|21-30|41-50|51-60|51-60,2
07,11-20|21-30|31-40|31-40|31-40|41-50,1
07,11-20|21-30|31-40|31-40|31-40|51-60,2
07,11-20|21-30|31-40|31-40|41-50|51-60,3
07,11-20|21-30|31-40|31-40|51-60|51-60,1
07,11-20|21-30|31-40|41-50|41-50|51-60,7
07,11-20|21-30|31-40|41-50|51-60|51-60,1
07,11-20|21-30|31-40|51-60|51-60|51-60,1
07,11-20|21-30|41-50|41-50|51-60|51-60,2
07,11-20|31-40|31-40|31-40|41-50|41-50,1
07,11-20|31-40|31-40|31-40|41-50|51-60,1
07,11-20|31-40|31-40|41-50|41-50|41-50,1
07,11-20|31-40|31-40|41-50|51-60|51-60,1
07,11-20|31-40|41-50|41-50|41-50|51-60,2
07,11-20|41-50|41-50|41-50|41-50|51-60,1
07,21-30|21-30|21-30|31-40|31-40|51-60,1
07,21-30|21-30|21-30|31-40|51-60|51-60,1
07,21-30|21-30|21-30|41-50|51-60|51-60,2
07,21-30|21-30|31-40|31-40|41-50|51-60,1
07,21-30|21-30|31-40|41-50|41-50|51-60,1
07,21-30|21-30|31-40|41-50|51-60|51-60,1
07,21-30|21-30|31-40|51-60|51-60|51-60,1
07,21-30|31-40|31-40|31-40|41-50|51-60,1
07,21-30|31-40|31-40|31-40|51-60|51-60,1
07,21-30|31-40|31-40|41-50|41-50|51-60,2
07,21-30|31-40|31-40|41-50|51-60|51-60,2
07,21-30|31-40|31-40|51-60|51-60|51-60,1
07,21-30|31-40|41-50|51-60|51-60|51-60,1
07,21-30|41-50|41-50|51-60|51-60|51-60,1
07,31-40|31-40|31-40|31-40|51-60|51-60,1
07,31-40|31-40|31-40|41-50|41-50|51-60,1
07,31-40|31-40|31-40|41-50|51-60|51-60,1
07,41-50|41-50|41-50|41-50|51-60|51-60,1
07,41-50|41-50|41-50|51-60|51-60|51-60,1
08,1-10|1-10|1-10|1-10|21-30|21-30,1
08,1-10|1-10|1-10|11-20|21-30|51-60,2
08,1-10|1-10|1-10|11-20|31-40|41-50,1
08,1-10|1-10|1-10|11-20|31-40|51-60,1
08,1-10|1-10|1-10|11-20|41-50|41-50,1
08,1-10|1-10|1-10|21-30|41-50|51-60,3
08,1-10|1-10|1-10|31-40|41-50|41-50,2
08,1-10|1-10|1-10|31-40|41-50|51-60,3
08,1-10|1-10|11-20|11-20|11-20|41-50,1
08,1-10|1-10|11-20|11-20|31-40|31-40,1
08,1-10|1-10|11-20|11-20|41-50|41-50,2
08,1-10|1-10|11-20|11-20|41-50|51-60,2
08,1-10|1-10|11-20|11-20|51-60|51-60,2
08,1-10|1-10|11-20|21-30|21-30|21-30,1
08,1-10|1-10|11-20|21-30|21-30|31-40,1
08,1-10|1-10|11-20|21-30|21-30|41-50,2
08,1-10|1-10|11-20|21-30|21-30|51-60,3
08,1-10|1-10|11-20|21-30|31-40|31-40,2
08,1-10|1-10|11-20|21-30|31-40|41-50,3
08,1-10|1-10|11-20|21-30|31-40|51-60,1
08,1-10|1-10|11-20|21-30|41-50|51-60,2
08,1-10|1-10|11-20|21-30|51-60|51-60,1
08,1-10|1-10|11-20|31-40|31-40|41-50,2
08,1-10|1-10|11-20|31-40|31-40|51-60,1
08,1-10|1-10|11-20|31-40|41-50|41-50,1
08,1-10|1-10|11-20|31-40|41-50|51-60,2
08,1-10|1-10|11-20|31-40|51-60|51-60,1
08,1-10|1-10|11-20|41-50|41-50|51-60,1
08,1-10|1-10|11-20|41-50|51-60|51-60,1
08,1-10|1-10|21-30|21-30|21-30|31-40,1
08,1-10|1-10|21-30|21-30|21-30|51-60,2
08,1-10|1-10|21-30|21-30|31-40|41-50,1
08,1-10|1-10|21-30|31-40|31-40|41-50,1
08,1-10|1-10|21-30|31-40|31-40|51-60,2
08,1-10|1-10|21-30|31-40|41-50|41-50,3
08,1-10|1-10|21-30|31-40|41-50|51-60,2
08,1-10|1-10|21-30|41-50|41-50|51-60,2
08,1-10|1-10|31-40|31-40|31-40|41-50,2
08,1-10|1-10|31-40|31-40|41-50|41-50,1
08,1-10|1-10|31-40|31-40|41-50|51-60,2
08,1-10|1-10|31-40|41-50|41-50|51-60,2
08,1-10|1-10|31-40|41-50|51-60|51-60,2
08,1-10|1-10|41-50|41-50|41-50|51-60,1
08,1-10|1-10|41-50|41-50|51-60|51-60,1
08,1-10|11-20|11-20|11-20|21-30|21-30,1
08,1-10|11-20|11-20|11-20|21-30|41-50,1
08,1-10|11-20|11-20|11-20|21-30|51-60,1
08,1-10|11-20|11-20|11-20|31-40|41-50,1
08,1-10|11-20|11-20|11-20|41-50|51-60,1
08,1-10|11-20|11-20|21-30|21-30|21-30,1
08,1-10|11-20|11-20|21-30|21-30|31-40,2
08,1-10|11-20|11-20|21-30|31-40|31-40,2
08,1-10|11-20|11-20|21-30|31-40|41-50,1
08,1-10|11-20|11-20|21-30|31-40|51-60,3
08,1-10|11-20|11-20|21-30|41-50|41-50,1
08,1-10|11-20|11-20|21-30|41-50|51-60,3
08,1-10|11-20|11-20|31-40|31-40|31-40,1
08,1-10|11-20|11-20|31-40|31-40|41-50,1
08,1-10|11-20|11-20|31-40|31-40|51-60,1
08,1-10|11-20|11-20|31-40|41-50|41-50,4
08,1-10|11-20|11-20|31-40|41-50|51-60,3
08,1-10|11-20|11-20|31-40|51-60|51-60,2
08,1-10|11-20|11-20|41-50|41-50|51-60,3
08,1-10|11-20|21-30|21-30|21-30|21-30,1
08,1-10|11-20|21-30|21-30|21-30|41-50,1
08,1-10|11-20|21-30|21-30|31-40|31-40,2
08,1-10|11-20|21-30|21-30|31-40|41-50,2
08,1-10|11-20|21-30|21-30|31-40|51-60,1
08,1-10|11-20|21-30|21-30|41-50|51-60,1
08,1-10|11-20|21-30|21-30|51-60|51-60,1
08,1-10|11-20|21-30|31-40|31-40|41-50,2
08,1-10|11-20|21-30|31-40|31-40|51-60,2
08,1-10|11-20|21-30|31-40|41-50|41-50,4
08,1-10|11-20|21-30|31-40|41-50|51-60,8
08,1-10|11-20|21-30|31-40|51-60|51-60,1
08,1-10|11-20|21-30|41-50|41-50|51-60,3
08,1-10|11-20|21-30|41-50|51-60|51-60,2
08,1-10|11-20|21-30|51-60|51-60|51-60,1
08,1-10|11-20|31-40|31-40|31-40|41-50,1
08,1-10|11-20|31-40|31-40|41-50|41-50,2
08,1-10|11-20|31-40|31-40|41-50|51-60,1
08,1-10|11-20|31-40|31-40|51-60|51-60,1
08,1-10|11-20|31-40|41-50|41-50|41-50,2
08,1-10|11-20|31-40|41-50|41-50|51-60,1
08,1-10|11-20|31-40|41-50|51-60|51-60,4
08,1-10|11-20|31-40|51-60|51-60|51-60,1
08,1-10|11-20|41-50|41-50|41-50|51-60,1
08,1-10|11-20|41-50|51-60|51-60|51-60,1
08,1-10|21-30|21-30|21-30|21-30|51-60,1
08,1-10|21-30|21-30|21-30|31-40|41-50,1
08,1-10|21-30|21-30|21-30|31-40|51-60,2
08,1-10|21-30|21-30|21-30|41-50|51-60,2
08,1-10|21-30|21-30|31-40|41-50|41-50,2
08,1-10|21-30|21-30|31-40|41-50|51-60,5
08,1-10|21-30|21-30|31-40|51-60|51-60,1
08,1-10|21-30|21-30|41-50|41-50|41-50,2
08,1-10|21-30|21-30|41-50|41-50|51-60,2
08,1-10|21-30|21-30|41-50|51-60|51-60,1
08,1-10|21-30|31-40|31-40|31-40|41-50,2
08,1-10|21-30|31-40|31-40|31-40|51-60,1
08,1-10|21-30|31-40|31-40|51-60|51-60,2
08,1-10|21-30|31-40|41-50|41-50|51-60,3
08,1-10|21-30|31-40|41-50|51-60|51-60,1
08,1-10|21-30|41-50|41-50|41-50|51-60,1
08,1-10|31-40|31-40|31-40|41-50|41-50,1
08,1-10|31-40|31-40|31-40|41-50|51-60,1
08,1-10|31-40|31-40|41-50|41-50|41-50,1
08,1-10|31-40|31-40|41-50|51-60|51-60,3
08,1-10|31-40|41-50|41-50|51-60|51-60,2
08,1-10|41-50|41-50|51-60|51-60|51-60,1
08,11-20|11-20|11-20|21-30|31-40|31-40,2
08,11-20|11-20|11-20|21-30|51-60|51-60,1
08,11-20|11-20|11-20|31-40|41-50|41-50,1
08,11-20|11-20|11-20|41-50|41-50|41-50,1
08,11-20|11-20|21-30|21-30|31-40|41-50,1
08,11-20|11-20|21-30|21-30|31-40|51-60,1
08,11-20|11-20|21-30|21-30|41-50|51-60,2
08,11-20|11-20|21-30|31-40|41-50|41-50,1
08,11-20|11-20|21-30|31-40|41-50|51-60,2
08,11-20|11-20|21-30|41-50|41-50|41-50,1
08,11-20|11-20|31-40|31-40|41-50|51-60,1
08,11-20|11-20|31-40|41-50|51-60|51-60,1
08,11-20|11-20|31-40|51-60|51-60|51-60,1
08,11-20|11-20|41-50|41-50|51-60|51-60,2
08,11-20|21-30|21-30|21-30|31-40|41-50,1
08,11-20|21-30|21-30|31-40|31-40|41-50,2
08,11-20|21-30|21-30|31-40|41-50|41-50,1
08,11-20|21-30|21-30|31-40|41-50|51-60,3
08,11-20|21-30|21-30|31-40|51-60|51-60,1
08,11-20|21-30|21-30|41-50|41-50|51-60,1
08,11-20|21-30|21-30|41-50|51-60|51-60,1
08,11-20|21-30|31-40|31-40|31-40|41-50,1
08,11-20|21-30|31-40|31-40|41-50|41-50,2
08,11-20|21-30|31-40|31-40|41-50|51-60,2
08,11-20|21-30|31-40|31-40|51-60|51-60,2
08,11-20|21-30|31-40|41-50|41-50|51-60,4
08,11-20|21-30|31-40|41-50|51-60|51-60,2
08,11-20|21-30|41-50|41-50|41-50|51-60,2
08,11-20|31-40|31-40|31-40|31-40|41-50,1
08,11-20|31-40|31-40|31-40|41-50|51-60,4
08,11-20|31-40|31-40|31-40|51-60|51-60,1
08,11-20|31-40|31-40|41-50|41-50|41-50,1
08,11-20|31-40|31-40|41-50|41-50|51-60,1
08,11-20|31-40|31-40|51-60|51-60|51-60,1
08,11-20|31-40|41-50|51-60|51-60|51-60,1
08,21-30|21-30|21-30|31-40|31-40|41-50,1
08,21-30|21-30|21-30|41-50|41-50|41-50,1
08,21-30|21-30|31-40|31-40|31-40|41-50,2
08,21-30|21-30|31-40|31-40|41-50|41-50,1
08,21-30|21-30|31-40|31-40|41-50|51-60,1
08,21-30|21-30|31-40|41-50|41-50|51-60,2
08,21-30|21-30|31-40|41-50|51-60|51-60,1
08,21-30|21-30|41-50|51-60|51-60|51-60,1
08,21-30|31-40|31-40|31-40|41-50|51-60,1
08,21-30|31-40|31-40|41-50|41-50|51-60,2
08,21-30|31-40|31-40|41-50|51-60|51-60,2
08,21-30|31-40|41-50|41-50|41-50|51-60,1
08,21-30|31-40|41-50|41-50|51-60|51-60,2
08,21-30|31-40|41-50|51-60|51-60|51-60,1
08,21-30|41-50|41-50|51-60|51-60|51-60,1
08,31-40|41-50|41-50|41-50|51-60|51-60,1
08,31-40|41-50|41-50|51-60|51-60|51-60,1
08,31-40|41-50|51-60|51-60|51-60|51-60,1
08,41-50|41-50|41-50|51-60|51-60|51-60,1
09,1-10|1-10|1-10|1-10|31-40|31-40,1
09,1-10|1-10|1-10|11-20|21-30|31-40,3
09,1-10|1-10|1-10|11-20|41-50|51-60,2
09,1-10|1-10|1-10|21-30|21-30|51-60,1
09,1-10|1-10|1-10|21-30|31-40|41-50,1
09,1-10|1-10|1-10|21-30|31-40|51-60,1
09,1-10|1-10|1-10|21-30|41-50|51-60,2
09,1-10|1-10|1-10|31-40|31-40|51-60,1
09,1-10|1-10|1-10|31-40|41-50|51-60,2
09,1-10|1-10|11-20|11-20|21-30|21-30,1
09,1-10|1-10|11-20|11-20|21-30|41-50,1
09,1-10|1-10|11-20|11-20|21-30|51-60,2
09,1-10|1-10|11-20|11-20|31-40|41-50,3
09,1-10|1-10|11-20|11-20|41-50|41-50,1
09,1-10|1-10|11-20|11-20|51-60|51-60,1
09,1-10|1-10|11-20|21-30|21-30|21-30,1
09,1-10|1-10|11-20|21-30|21-30|41-50,1
09,1-10|1-10|11-20|21-30|21-30|51-60,1
09,1-10|1-10|11-20|21-30|31-40|31-40,3
09,1-10|1-10|11-20|21-30|31-40|51-60,3
09,1-10|1-10|11-20|21-30|41-50|41-50,1
09,1-10|1-10|11-20|21-30|41-50|51-60,1
09,1-10|1-10|11-20|31-40|31-40|41-50,1
09,1-10|1-10|11-20|31-40|31-40|51-60,3
09,1-10|1-10|11-20|31-40|41-50|41-50,1
09,1-10|1-10|11-20|31-40|41-50|51-60,2
09,1-10|1-10|11-20|31-40|51-60|51-60,2
09,1-10|1-10|11-20|41-50|51-60|51-60,1
09,1-10|1-10|21-30|21-30|21-30|41-50,2
09,1-10|1-10|21-30|21-30|31-40|51-60,1
09,1-10|1-10|21-30|21-30|51-60|51-60,1
09,1-10|1-10|21-30|31-40|31-40|31-40,2
09,1-10|1-10|21-30|31-40|31-40|41-50,2
09,1-10|1-10|21-30|31-40|31-40|51-60,1
09,1-10|1-10|21-30|31-40|41-50|51-60,4
09,1-10|1-10|21-30|31-40|51-60|51-60,2
09,1-10|1-10|21-30|41-50|41-50|51-60,2
09,1-10|1-10|21-30|41-50|51-60|51-60,1
09,1-10|1-10|31-40|31-40|41-50|41-50,1
09,1-10|1-10|31-40|41-50|41-50|41-50,1
09,1-10|1-10|31-40|41-50|41-50|51-60,2
09,1-10|1-10|41-50|41-50|51-60|51-60,1
09,1-10|11-20|11-20|11-20|21-30|31-40,1
09,1-10|11-20|11-20|11-20|31-40|51-60,3
09,1-10|11-20|11-20|11-20|51-60|51-60,1
09,1-10|11-20|11-20|21-30|21-30|31-40,1
09,1-10|11-20|11-20|21-30|21-30|41-50,1
09,1-10|11-20|11-20|21-30|21-30|51-60,1
09,1-10|11-20|11-20|21-30|31-40|31-40,1
09,1-10|11-20|11-20|21-30|31-40|41-50,3
09,1-10|11-20|11-20|21-30|41-50|41-50,3
09,1-10|11-20|11-20|21-30|41-50|51-60,3
09,1-10|11-20|11-20|31-40|31-40|41-50,1
09,1-10|11-20|11-20|31-40|31-40|51-60,2
09,1-10|11-20|11-20|31-40|41-50|41-50,2
09,1-10|11-20|11-20|31-40|41-50|51-60,2
09,1-10|11-20|11-20|31-40|51-60|51-60,2
09,1-10|11-20|11-20|41-50|51-60|51-60,1
09,1-10|11-20|11-20|51-60|51-60|51-60,1
09,1-10|11-20|21-30|21-30|21-30|31-40,1
09,1-10|11-20|21-30|21-30|31-40|31-40,3
09,1-10|11-20|21-30|21-30|31-40|41-50,3
09,1-10|11-20|21-30|21-30|41-50|41-50,1
09,1-10|11-20|21-30|21-30|41-50|51-60,1
09,1-10|11-20|21-30|21-30|51-60|51-60,3
09,1-10|11-20|21-30|31-40|31-40|41-50,3
09,1-10|11-20|21-30|31-40|31-40|51-60,1
09,1-10|11-20|21-30|31-40|41-50|41-50,4
09,1-10|11-20|21-30|31-40|41-50|51-60,11
09,1-10|11-20|21-30|31-40|51-60|51-60,2
09,1-10|11-20|21-30|41-50|41-50|51-60,1
09,1-10|11-20|21-30|41-50|51-60|51-60,3
09,1-10|11-20|31-40|31-40|31-40|41-50,1
09,1-10|11-20|31-40|31-40|41-50|51-60,4
09,1-10|11-20|31-40|31-40|51-60|51-60,2
09,1-10|11-20|31-40|41-50|41-50|41-50,3
09,1-10|11-20|31-40|41-50|41-50|51-60,1
09,1-10|11-20|31-40|41-50|51-60|51-60,2
09,1-10|11-20|31-40|51-60|51-60|51-60,1
09,1-10|11-20|41-50|41-50|41-50|51-60,1
09,1-10|11-20|41-50|41-50|51-60|51-60,2
09,1-10|11-20|41-50|51-60|51-60|51-60,2
09,1-10|21-30|21-30|21-30|31-40|51-60,2
09,1-10|21-30|21-30|31-40|31-40|41-50,1
09,1-10|21-30|21-30|31-40|41-50|41-50,2
09,1-10|21-30|21-30|31-40|41-50|51-60,5
09,1-10|21-30|21-30|41-50|41-50|51-60,1
09,1-10|21-30|21-30|41-50|51-60|51-60,1
09,1-10|21-30|31-40|31-40|31-40|41-50,1
09,1-10|21-30|31-40|31-40|41-50|41-50,2
09,1-10|21-30|31-40|31-40|41-50|51-60,3
09,1-10|21-30|31-40|31-40|51-60|51-60,1
09,1-10|21-30|31-40|41-50|41-50|41-50,2
09,1-10|21-30|31-40|41-50|51-60|51-60,5
09,1-10|21-30|41-50|41-50|51-60|51-60,2
09,1-10|21-30|41-50|51-60|51-60|51-60,2
09,1-10|31-40|31-40|41-50|51-60|51-60,2
09,1-10|31-40|41-50|41-50|51-60|51-60,1
09,1-10|41-50|51-60|51-60|51-60|51-60,1
09,11-20|11-20|11-20|21-30|31-40|41-50,1
09,11-20|11-20|11-20|21-30|41-50|41-50,2
09,11-20|11-20|11-20|31-40|31-40|41-50,1
09,11-20|11-20|11-20|31-40|41-50|41-50,1
09,11-20|11-20|11-20|31-40|41-50|51-60,1
09,11-20|11-20|21-30|21-30|21-30|51-60,1
09,11-20|11-20|21-30|21-30|31-40|31-40,1
09,11-20|11-20|21-30|31-40|31-40|31-40,1
09,11-20|11-20|21-30|31-40|41-50|41-50,1
09,11-20|11-20|21-30|31-40|41-50|51-60,1
09,11-20|11-20|21-30|31-40|51-60|51-60,2
09,11-20|11-20|21-30|41-50|41-50|41-50,1
09,11-20|11-20|21-30|41-50|51-60|51-60,2
09,11-20|11-20|31-40|31-40|31-40|51-60,2
09,11-20|11-20|31-40|31-40|41-50|41-50,1
09,11-20|11-20|31-40|31-40|41-50|51-60,1
09,11-20|11-20|31-40|41-50|51-60|51-60,2
09,11-20|11-20|31-40|51-60|51-60|51-60,1
09,11-20|21-30|21-30|21-30|21-30|51-60,1
09,11-20|21-30|21-30|21-30|31-40|41-50,1
09,11-20|21-30|21-30|21-30|41-50|41-50,1
09,11-20|21-30|21-30|31-40|41-50|51-60,3
09,11-20|21-30|21-30|31-40|51-60|51-60,1
09,11-20|21-30|21-30|51-60|51-60|51-60,1
09,11-20|21-30|31-40|31-40|31-40|51-60,1
09,11-20|21-30|31-40|31-40|41-50|41-50,1
09,11-20|21-30|31-40|31-40|41-50|51-60,4
09,11-20|21-30|31-40|31-40|51-60|51-60,1
09,11-20|21-30|31-40|41-50|41-50|51-60,2
09,11-20|21-30|31-40|41-50|51-60|51-60,1
09,11-20|21-30|31-40|51-60|51-60|51-60,1
09,11-20|21-30|41-50|41-50|51-60|51-60,2
09,11-20|21-30|41-50|51-60|51-60|51-60,1
09,11-20|31-40|31-40|31-40|41-50|41-50,1
09,11-20|31-40|31-40|31-40|41-50|51-60,1
09,11-20|31-40|31-40|41-50|41-50|41-50,1
09,11-20|31-40|31-40|41-50|51-60|51-60,1
09,21-30|21-30|21-30|31-40|41-50|51-60,2
09,21-30|21-30|21-30|31-40|51-60|51-60,1
09,21-30|21-30|21-30|41-50|41-50|51-60,1
09,21-30|21-30|31-40|31-40|31-40|51-60,1
09,21-30|21-30|31-40|31-40|41-50|51-60,3
09,21-30|21-30|31-40|31-40|51-60|51-60,1
09,21-30|21-30|31-40|41-50|41-50|51-60,1
09,21-30|21-30|31-40|51-60|51-60|51-60,1
09,21-30|31-40|31-40|31-40|51-60|51-60,1
09,21-30|31-40|41-50|41-50|41-50|41-50,1
09,21-30|31-40|41-50|41-50|51-60|51-60,1
09,31-40|31-40|31-40|41-50|41-50|51-60,1
09,31-40|41-50|41-50|51-60|51-60|51-60,1
10,1-10|1-10|1-10|11-20|21-30|41-50,3
10,1-10|1-10|1-10|11-20|21-30|51-60,1
10,1-10|1-10|1-10|21-30|21-30|31-40,1
10,1-10|1-10|1-10|21-30|21-30|41-50,1
10,1-10|1-10|1-10|21-30|31-40|31-40,1
10,1-10|1-10|1-10|21-30|41-50|51-60,1
10,1-10|1-10|1-10|31-40|31-40|41-50,1
10,1-10|1-10|1-10|31-40|31-40|51-60,1
10,1-10|1-10|1-10|31-40|41-50|51-60,2
10,1-10|1-10|11-20|11-20|11-20|41-50,2
10,1-10|1-10|11-20|11-20|21-30|21-30,1
10,1-10|1-10|11-20|11-20|21-30|41-50,1
10,1-10|1-10|11-20|11-20|21-30|51-60,1
10,1-10|1-10|11-20|11-20|31-40|41-50,1
10,1-10|1-10|11-20|21-30|21-30|41-50,2
10,1-10|1-10|11-20|21-30|31-40|31-40,1
10,1-10|1-10|11-20|21-30|31-40|41-50,3
10,1-10|1-10|11-20|21-30|31-40|51-60,3
10,1-10|1-10|11-20|21-30|41-50|51-60,3
10,1-10|1-10|11-20|31-40|31-40|51-60,2
10,1-10|1-10|11-20|31-40|41-50|41-50,3
10,1-10|1-10|11-20|31-40|41-50|51-60,1
10,1-10|1-10|11-20|41-50|41-50|51-60,2
10,1-10|1-10|11-20|41-50|51-60|51-60,1
10,1-10|1-10|11-20|51-60|51-60|51-60,1
10,1-10|1-10|21-30|21-30|21-30|31-40,1
10,1-10|1-10|21-30|21-30|21-30|51-60,1
10,1-10|1-10|21-30|21-30|41-50|41-50,2
10,1-10|1-10|21-30|31-40|31-40|41-50,2
10,1-10|1-10|21-30|31-40|41-50|51-60,3
10,1-10|1-10|21-30|31-40|51-60|51-60,1
10,1-10|1-10|21-30|41-50|41-50|41-50,1
10,1-10|1-10|21-30|41-50|51-60|51-60,3
10,1-10|1-10|31-40|31-40|31-40|41-50,1
10,1-10|1-10|31-40|31-40|41-50|41-50,1
10,1-10|1-10|31-40|31-40|41-50|51-60,1
10,1-10|1-10|31-40|41-50|41-50|51-60,1
10,1-10|1-10|31-40|41-50|51-60|51-60,1
10,1-10|1-10|31-40|51-60|51-60|51-60,1
10,1-10|11-20|11-20|11-20|11-20|51-60,1
10,1-10|11-20|11-20|11-20|21-30|21-30,1
10,1-10|11-20|11-20|11-20|21-30|41-50,2
10,1-10|11-20|11-20|11-20|31-40|41-50,1
10,1-10|11-20|11-20|11-20|31-40|51-60,1
10,1-10|11-20|11-20|21-30|21-30|21-30,1
10,1-10|11-20|11-20|21-30|21-30|31-40,1
10,1-10|11-20|11-20|21-30|21-30|41-50,2
10,1-10|11-20|11-20|21-30|21-30|51-60,1
10,1-10|11-20|11-20|21-30|31-40|31-40,1
10,1-10|11-20|11-20|21-30|31-40|41-50,4
10,1-10|11-20|11-20|21-30|31-40|51-60,3
10,1-10|11-20|11-20|21-30|41-50|41-50,1
10,1-10|11-20|11-20|21-30|41-50|51-60,2
10,1-10|11-20|11-20|21-30|51-60|51-60,1
10,1-10|11-20|11-20|31-40|31-40|51-60,4
10,1-10|11-20|11-20|31-40|41-50|51-60,1
10,1-10|11-20|11-20|31-40|51-60|51-60,1
10,1-10|11-20|11-20|51-60|51-60|51-60,1
10,1-10|11-20|21-30|21-30|21-30|41-50,2
10,1-10|11-20|21-30|21-30|21-30|51-60,2
10,1-10|11-20|21-30|21-30|31-40|41-50,1
10,1-10|11-20|21-30|21-30|31-40|51-60,7
10,1-10|11-20|21-30|21-30|41-50|41-50,2
10,1-10|11-20|21-30|21-30|41-50|51-60,3
10,1-10|11-20|21-30|31-40|31-40|31-40,3
10,1-10|11-20|21-30|31-40|31-40|41-50,1
10,1-10|11-20|21-30|31-40|31-40|51-60,2
10,1-10|11-20|21-30|31-40|41-50|41-50,1
10,1-10|11-20|21-30|31-40|41-50|51-60,13
10,1-10|11-20|21-30|31-40|51-60|51-60,7
10,1-10|11-20|21-30|41-50|41-50|41-50,1
10,1-10|11-20|21-30|41-50|41-50|51-60,4
10,1-10|11-20|21-30|41-50|51-60|51-60,2
10,1-10|11-20|21-30|51-60|51-60|51-60,1
10,1-10|11-20|31-40|31-40|31-40|31-40,1
10,1-10|11-20|31-40|31-40|31-40|41-50,1
10,1-10|11-20|31-40|31-40|41-50|41-50,4
10,1-10|11-20|31-40|31-40|41-50|51-60,2
10,1-10|11-20|31-40|31-40|51-60|51-60,1
10,1-10|11-20|31-40|41-50|41-50|51-60,2
10,1-10|11-20|31-40|41-50|51-60|51-60,1
10,1-10|11-20|41-50|41-50|41-50|51-60,1
10,1-10|11-20|41-50|41-50|51-60|51-60,1
10,1-10|21-30|21-30|21-30|41-50|51-60,1
10,1-10|21-30|21-30|31-40|31-40|41-50,1
10,1-10|21-30|21-30|31-40|31-40|51-60,3
10,1-10|21-30|21-30|31-40|41-50|51-60,1
10,1-10|21-30|21-30|41-50|51-60|51-60,1
10,1-10|21-30|31-40|31-40|41-50|41-50,2
10,1-10|21-30|31-40|31-40|41-50|51-60,2
10,1-10|21-30|31-40|41-50|41-50|51-60,4
10,1-10|21-30|31-40|41-50|51-60|51-60,1
10,1-10|21-30|41-50|41-50|41-50|51-60,1
10,1-10|21-30|41-50|41-50|51-60|51-60,2
10,1-10|31-40|31-40|31-40|41-50|51-60,1
10,1-10|31-40|31-40|41-50|41-50|51-60,3
10,1-10|31-40|31-40|41-50|51-60|51-60,3
10,1-10|31-40|31-40|51-60|51-60|51-60,1
10,1-10|31-40|41-50|41-50|41-50|51-60,4
10,11-20|11-20|11-20|11-20|21-30|21-30,1
10,11-20|11-20|11-20|11-20|21-30|41-50,1
10,11-20|11-20|11-20|11-20|31-40|31-40,1
10,11-20|11-20|11-20|21-30|21-30|41-50,2
10,11-20|11-20|11-20|21-30|31-40|41-50,1
10,11-20|11-20|11-20|21-30|31-40|51-60,1
10,11-20|11-20|11-20|21-30|41-50|41-50,1
10,11-20|11-20|11-20|21-30|51-60|51-60,1
10,11-20|11-20|11-20|31-40|41-50|41-50,1
10,11-20|11-20|11-20|31-40|41-50|51-60,1
10,11-20|11-20|11-20|31-40|51-60|51-60,1
10,11-20|11-20|21-30|21-30|41-50|41-50,1
10,11-20|11-20|21-30|21-30|41-50|51-60,1
10,11-20|11-20|21-30|31-40|31-40|31-40,1
10,11-20|11-20|21-30|31-40|41-50|51-60,2
10,11-20|11-20|21-30|31-40|51-60|51-60,1
10,11-20|11-20|21-30|41-50|41-50|51-60,1
10,11-20|11-20|31-40|31-40|41-50|51-60,1
10,11-20|11-20|31-40|41-50|41-50|41-50,1
10,11-20|11-20|31-40|41-50|51-60|51-60,2
10,11-20|11-20|41-50|41-50|41-50|51-60,1
10,11-20|21-30|21-30|21-30|31-40|41-50,1
10,11-20|21-30|21-30|21-30|31-40|51-60,1
10,11-20|21-30|21-30|31-40|31-40|41-50,3
10,11-20|21-30|21-30|31-40|31-40|51-60,2
10,11-20|21-30|21-30|31-40|41-50|41-50,2
10,11-20|21-30|21-30|31-40|41-50|51-60,2
10,11-20|21-30|21-30|41-50|41-50|51-60,1
10,11-20|21-30|21-30|41-50|51-60|51-60,2
10,11-20|21-30|31-40|31-40|41-50|51-60,4
10,11-20|21-30|31-40|31-40|51-60|51-60,1
10,11-20|21-30|31-40|41-50|41-50|41-50,2
10,11-20|21-30|31-40|41-50|41-50|51-60,2
10,11-20|21-30|31-40|41-50|51-60|51-60,1
10,11-20|21-30|31-40|51-60|51-60|51-60,1
10,11-20|21-30|41-50|41-50|41-50|51-60,1
10,11-20|21-30|41-50|41-50|51-60|51-60,2
10,11-20|21-30|41-50|51-60|51-60|51-60,1
10,11-20|31-40|31-40|31-40|51-60|51-60,1
10,11-20|31-40|31-40|41-50|51-60|51-60,2
10,11-20|31-40|41-50|41-50|41-50|51-60,1
10,11-20|41-50|41-50|41-50|51-60|51-60,1
10,21-30|21-30|21-30|31-40|31-40|41-50,2
10,21-30|21-30|21-30|31-40|41-50|51-60,1
10,21-30|21-30|31-40|31-40|51-60|51-60,1
10,21-30|21-30|31-40|41-50|51-60|51-60,3
10,21-30|21-30|31-40|51-60|51-60|51-60,1
10,21-30|21-30|41-50|41-50|41-50|41-50,1
10,21-30|31-40|31-40|31-40|31-40|51-60,1
10,21-30|31-40|31-40|41-50|41-50|51-60,1
10,21-30|31-40|31-40|41-50|51-60|51-60,2
10,21-30|41-50|41-50|41-50|51-60|51-60,1
10,31-40|31-40|31-40|31-40|41-50|51-60,1
11,1-10|1-10|1-10|1-10|21-30|21-30,1
11,1-10|1-10|1-10|1-10|21-30|31-40,1
11,1-10|1-10|1-10|11-20|11-20|41-50,1
11,1-10|1-10|1-10|11-20|21-30|21-30,1
11,1-10|1-10|1-10|11-20|21-30|31-40,2
11,1-10|1-10|1-10|11-20|21-30|51-60,2
11,1-10|1-10|1-10|11-20|31-40|41-50,1
11,1-10|1-10|1-10|21-30|31-40|41-50,1
11,1-10|1-10|1-10|21-30|31-40|51-60,1
11,1-10|1-10|1-10|31-40|31-40|31-40,1
11,1-10|1-10|1-10|31-40|31-40|51-60,1
11,1-10|1-10|11-20|11-20|21-30|51-60,1
11,1-10|1-10|11-20|11-20|31-40|41-50,1
11,1-10|1-10|11-20|11-20|51-60|51-60,1
11,1-10|1-10|11-20|21-30|21-30|21-30,1
11,1-10|1-10|11-20|21-30|21-30|31-40,1
11,1-10|1-10|11-20|21-30|21-30|51-60,1
11,1-10|1-10|11-20|21-30|31-40|31-40,1
11,1-10|1-10|11-20|21-30|31-40|41-50,1
11,1-10|1-10|11-20|21-30|31-40|51-60,1
11,1-10|1-10|11-20|21-30|41-50|41-50,1
11,1-10|1-10|11-20|21-30|41-50|51-60,1
11,1-10|1-10|11-20|31-40|31-40|41-50,1
11,1-10|1-10|11-20|31-40|31-40|51-60,2
11,1-10|1-10|11-20|31-40|41-50|51-60,2
11,1-10|1-10|11-20|31-40|51-60|51-60,3
11,1-10|1-10|11-20|41-50|41-50|41-50,1
11,1-10|1-10|11-20|41-50|51-60|51-60,2
11,1-10|1-10|11-20|51-60|51-60|51-60,2
11,1-10|1-10|21-30|21-30|21-30|31-40,1
11,1-10|1-10|21-30|21-30|31-40|41-50,1
11,1-10|1-10|21-30|21-30|41-50|41-50,1
11,1-10|1-10|21-30|21-30|41-50|51-60,2
11,1-10|1-10|21-30|31-40|31-40|41-50,2
11,1-10|1-10|21-30|31-40|31-40|51-60,2
11,1-10|1-10|21-30|31-40|41-50|41-50,2
11,1-10|1-10|21-30|31-40|41-50|51-60,2
11,1-10|1-10|21-30|31-40|51-60|51-60,5
11,1-10|1-10|21-30|41-50|41-50|51-60,1
11,1-10|1-10|21-30|41-50|51-60|51-60,1
11,1-10|1-10|31-40|31-40|41-50|51-60,1
11,1-10|1-10|31-40|31-40|51-60|51-60,1
11,1-10|1-10|31-40|41-50|41-50|51-60,2
11,1-10|1-10|31-40|41-50|51-60|51-60,2
11,1-10|11-20|11-20|11-20|11-20|21-30,1
11,1-10|11-20|11-20|11-20|11-20|41-50,1
11,1-10|11-20|11-20|11-20|21-30|51-60,1
11,1-10|11-20|11-20|11-20|31-40|41-50,1
11,1-10|11-20|11-20|11-20|31-40|51-60,3
11,1-10|11-20|11-20|11-20|41-50|41-50,1
11,1-10|11-20|11-20|11-20|51-60|51-60,1
11,1-10|11-20|11-20|21-30|21-30|31-40,1
11,1-10|11-20|11-20|21-30|21-30|51-60,3
11,1-10|11-20|11-20|21-30|31-40|31-40,2
11,1-10|11-20|11-20|21-30|31-40|41-50,1
11,1-10|11-20|11-20|21-30|41-50|51-60,4
11,1-10|11-20|11-20|21-30|51-60|51-60,1
11,1-10|11-20|11-20|31-40|31-40|41-50,1
11,1-10|11-20|11-20|31-40|31-40|51-60,1
11,1-10|11-20|11-20|31-40|41-50|51-60,4
11,1-10|11-20|11-20|31-40|51-60|51-60,1
11,1-10|11-20|11-20|41-50|41-50|51-60,1
11,1-10|11-20|11-20|41-50|51-60|51-60,1
11,1-10|11-20|21-30|21-30|21-30|31-40,1
11,1-10|11-20|21-30|21-30|31-40|31-40,1
11,1-10|11-20|21-30|21-30|31-40|41-50,4
11,1-10|11-20|21-30|21-30|31-40|51-60,2
11,1-10|11-20|21-30|21-30|41-50|41-50,1
11,1-10|11-20|21-30|21-30|51-60|51-60,2
11,1-10|11-20|21-30|31-40|31-40|31-40,1
11,1-10|11-20|21-30|31-40|31-40|41-50,2
11,1-10|11-20|21-30|31-40|31-40|51-60,4
11,1-10|11-20|21-30|31-40|41-50|41-50,2
11,1-10|11-20|21-30|31-40|41-50|51-60,2
11,1-10|11-20|21-30|31-40|51-60|51-60,2
11,1-10|11-20|21-30|41-50|41-50|51-60,2
11,1-10|11-20|21-30|41-50|51-60|51-60,1
11,1-10|11-20|21-30|51-60|51-60|51-60,1
11,1-10|11-20|31-40|31-40|41-50|51-60,5
11,1-10|11-20|31-40|41-50|41-50|51-60,4
11,1-10|11-20|31-40|41-50|51-60|51-60,2
11,1-10|11-20|31-40|51-60|51-60|51-60,1
11,1-10|11-20|41-50|41-50|51-60|51-60,1
11,1-10|21-30|21-30|21-30|31-40|41-50,2
11,1-10|21-30|21-30|21-30|31-40|51-60,1
11,1-10|21-30|21-30|21-30|41-50|51-60,1
11,1-10|21-30|21-30|31-40|31-40|51-60,3
11,1-10|21-30|21-30|31-40|41-50|41-50,2
11,1-10|21-30|21-30|31-40|41-50|51-60,2
11,1-10|21-30|21-30|31-40|51-60|51-60,1
11,1-10|21-30|21-30|41-50|41-50|51-60,1
11,1-10|21-30|21-30|41-50|51-60|51-60,4
11,1-10|21-30|31-40|31-40|31-40|31-40,1
11,1-10|21-30|31-40|31-40|31-40|51-60,6
11,1-10|21-30|31-40|31-40|41-50|41-50,2
11,1-10|21-30|31-40|31-40|41-50|51-60,2
11,1-10|21-30|31-40|41-50|41-50|41-50,1
11,1-10|21-30|31-40|41-50|41-50|51-60,2
11,1-10|21-30|31-40|41-50|51-60|51-60,1
11,1-10|21-30|41-50|41-50|51-60|51-60,1
11,1-10|21-30|41-50|51-60|51-60|51-60,2
11,1-10|31-40|31-40|31-40|31-40|51-60,1
11,1-10|31-40|31-40|31-40|41-50|51-60,1
11,1-10|31-40|31-40|41-50|41-50|51-60,2
11,1-10|31-40|31-40|41-50|51-60|51-60,1
11,1-10|31-40|41-50|41-50|41-50|51-60,1
11,1-10|31-40|41-50|41-50|51-60|51-60,1
11,1-10|31-40|41-50|51-60|51-60|51-60,1
11,1-10|41-50|41-50|41-50|51-60|51-60,1
11,1-10|41-50|41-50|51-60|51-60|51-60,1
11,11-20|11-20|11-20|21-30|31-40|41-50,1
11,11-20|11-20|11-20|31-40|41-50|51-60,1
11,11-20|11-20|11-20|41-50|41-50|41-50,1
11,11-20|11-20|21-30|21-30|21-30|51-60,1
11,11-20|11-20|21-30|21-30|31-40|31-40,2
11,11-20|11-20|21-30|21-30|31-40|41-50,1
11,11-20|11-20|21-30|31-40|31-40|41-50,1
11,11-20|11-20|21-30|31-40|31-40|51-60,1
11,11-20|11-20|21-30|31-40|41-50|51-60,3
11,11-20|11-20|21-30|31-40|51-60|51-60,1
11,11-20|11-20|31-40|31-40|31-40|41-50,1
11,11-20|11-20|31-40|31-40|51-60|51-60,1
11,11-20|11-20|31-40|41-50|41-50|51-60,2
11,11-20|11-20|31-40|41-50|51-60|51-60,3
11,11-20|21-30|21-30|21-30|31-40|51-60,2
11,11-20|21-30|21-30|21-30|41-50|41-50,1
11,11-20|21-30|21-30|21-30|41-50|51-60,1
11,11-20|21-30|21-30|31-40|31-40|41-50,1
11,11-20|21-30|21-30|31-40|31-40|51-60,2
11,11-20|21-30|21-30|31-40|41-50|41-50,1
11,11-20|21-30|21-30|31-40|41-50|51-60,3
11,11-20|21-30|21-30|31-40|51-60|51-60,2
11,11-20|21-30|21-30|41-50|41-50|41-50,2
11,11-20|21-30|21-30|41-50|51-60|51-60,1
11,11-20|21-30|31-40|31-40|41-50|51-60,3
11,11-20|21-30|31-40|31-40|51-60|51-60,1
11,11-20|21-30|31-40|41-50|41-50|51-60,3
11,11-20|21-30|31-40|41-50|51-60|51-60,2
11,11-20|31-40|31-40|41-50|51-60|51-60,1
11,11-20|31-40|41-50|41-50|41-50|51-60,1
11,11-20|31-40|41-50|41-50|51-60|51-60,1
11,11-20|31-40|41-50|51-60|51-60|51-60,1
11,11-20|31-40|51-60|51-60|51-60|51-60,1
11,11-20|41-50|41-50|41-50|41-50|51-60,1
11,21-30|21-30|21-30|31-40|31-40|41-50,2
11,21-30|21-30|21-30|31-40|41-50|51-60,1
11,21-30|21-30|21-30|41-50|41-50|51-60,1
11,21-30|21-30|31-40|31-40|41-50|41-50,2
11,21-30|21-30|31-40|41-50|41-50|51-60,1
11,21-30|21-30|31-40|41-50|51-60|51-60,1
11,21-30|21-30|51-60|51-60|51-60|51-60,1
11,21-30|31-40|31-40|31-40|41-50|41-50,1
11,21-30|31-40|31-40|41-50|41-50|51-60,2
11,21-30|31-40|41-50|41-50|51-60|51-60,2
11,21-30|31-40|41-50|51-60|51-60|51-60,1
11,21-30|41-50|51-60|51-60|51-60|51-60,1
12,1-10|1-10|1-10|1-10|11-20|51-60,1
12,1-10|1-10|1-10|11-20|21-30|31-40,1
12,1-10|1-10|1-10|11-20|31-40|31-40,1
12,1-10|1-10|1-10|11-20|31-40|41-50,1
12,1-10|1-10|1-10|11-20|41-50|41-50,1
12,1-10|1-10|1-10|21-30|21-30|51-60,2
12,1-10|1-10|1-10|21-30|31-40|31-40,1
12,1-10|1-10|1-10|21-30|41-50|51-60,2
12,1-10|1-10|1-10|31-40|41-50|51-60,1
12,1-10|1-10|1-10|31-40|51-60|51-60,1
12,1-10|1-10|11-20|11-20|11-20|51-60,1
12,1-10|1-10|11-20|11-20|21-30|31-40,3
12,1-10|1-10|11-20|11-20|31-40|51-60,1
12,1-10|1-10|11-20|11-20|41-50|41-50,2
12,1-10|1-10|11-20|21-30|21-30|31-40,1
12,1-10|1-10|11-20|21-30|21-30|51-60,1
12,1-10|1-10|11-20|21-30|31-40|31-40,2
12,1-10|1-10|11-20|21-30|31-40|41-50,3
12,1-10|1-10|11-20|21-30|31-40|51-60,2
12,1-10|1-10|11-20|21-30|41-50|41-50,1
12,1-10|1-10|11-20|21-30|41-50|51-60,2
12,1-10|1-10|11-20|21-30|51-60|51-60,1
12,1-10|1-10|11-20|31-40|31-40|41-50,7
12,1-10|1-10|11-20|31-40|31-40|51-60,1
12,1-10|1-10|11-20|31-40|41-50|41-50,1
12,1-10|1-10|11-20|31-40|41-50|51-60,4
12,1-10|1-10|11-20|31-40|51-60|51-60,2
12,1-10|1-10|21-30|21-30|31-40|41-50,1
12,1-10|1-10|21-30|21-30|41-50|51-60,1
12,1-10|1-10|21-30|31-40|31-40|41-50,1
12,1-10|1-10|21-30|31-40|31-40|51-60,1
12,1-10|1-10|21-30|31-40|41-50|51-60,1
12,1-10|1-10|21-30|31-40|51-60|51-60,2
12,1-10|1-10|21-30|41-50|51-60|51-60,1
12,1-10|1-10|31-40|31-40|41-50|41-50,3
12,1-10|1-10|31-40|31-40|41-50|51-60,2
12,1-10|1-10|31-40|51-60|51-60|51-60,1
12,1-10|1-10|41-50|41-50|41-50|51-60,1
12,1-10|11-20|11-20|11-20|21-30|31-40,1
12,1-10|11-20|11-20|11-20|21-30|51-60,1
12,1-10|11-20|11-20|21-30|31-40|31-40,2
12,1-10|11-20|11-20|21-30|31-40|41-50,3
12,1-10|11-20|11-20|21-30|31-40|51-60,3
12,1-10|11-20|11-20|21-30|41-50|51-60,3
12,1-10|11-20|11-20|21-30|51-60|51-60,1
12,1-10|11-20|11-20|31-40|31-40|31-40,2
12,1-10|11-20|11-20|31-40|31-40|51-60,1
12,1-10|11-20|11-20|31-40|41-50|41-50,3
12,1-10|11-20|11-20|31-40|41-50|51-60,3
12,1-10|11-20|11-20|41-50|51-60|51-60,2
12,1-10|11-20|21-30|21-30|21-30|21-30,1
12,1-10|11-20|21-30|21-30|21-30|31-40,1
12,1-10|11-20|21-30|21-30|21-30|41-50,2
12,1-10|11-20|21-30|21-30|31-40|31-40,2
12,1-10|11-20|21-30|21-30|31-40|41-50,1
12,1-10|11-20|21-30|21-30|31-40|51-60,5
12,1-10|11-20|21-30|21-30|51-60|51-60,2
12,1-10|11-20|21-30|31-40|31-40|41-50,1
12,1-10|11-20|21-30|31-40|31-40|51-60,2
12,1-10|11-20|21-30|31-40|41-50|51-60,3
12,1-10|11-20|21-30|31-40|51-60|51-60,1
12,1-10|11-20|21-30|41-50|51-60|51-60,2
12,1-10|11-20|21-30|51-60|51-60|51-60,3
12,1-10|11-20|31-40|31-40|41-50|41-50,1
12,1-10|11-20|31-40|31-40|41-50|51-60,3
12,1-10|11-20|31-40|41-50|41-50|41-50,1
12,1-10|11-20|31-40|41-50|41-50|51-60,2
12,1-10|11-20|31-40|41-50|51-60|51-60,4
12,1-10|11-20|41-50|41-50|41-50|51-60,1
12,1-10|11-20|41-50|41-50|51-60|51-60,3
12,1-10|21-30|21-30|21-30|31-40|41-50,1
12,1-10|21-30|21-30|21-30|41-50|41-50,1
12,1-10|21-30|21-30|21-30|51-60|51-60,1
12,1-10|21-30|21-30|31-40|31-40|31-40,1
12,1-10|21-30|21-30|31-40|31-40|41-50,1
12,1-10|21-30|21-30|31-40|31-40|51-60,1
12,1-10|21-30|21-30|31-40|41-50|41-50,1
12,1-10|21-30|21-30|31-40|51-60|51-60,2
12,1-10|21-30|21-30|41-50|41-50|51-60,3
12,1-10|21-30|31-40|31-40|31-40|41-50,3
12,1-10|21-30|31-40|31-40|31-40|51-60,2
12,1-10|21-30|31-40|31-40|41-50|41-50,1
12,1-10|21-30|31-40|31-40|41-50|51-60,2
12,1-10|21-30|31-40|41-50|41-50|51-60,1
12,1-10|21-30|31-40|41-50|51-60|51-60,1
12,1-10|21-30|31-40|51-60|51-60|51-60,1
12,1-10|21-30|41-50|41-50|41-50|41-50,1
12,1-10|21-30|41-50|41-50|41-50|51-60,1
12,1-10|21-30|41-50|51-60|51-60|51-60,1
12,1-10|31-40|31-40|31-40|31-40|41-50,1
12,1-10|31-40|31-40|31-40|41-50|51-60,2
12,1-10|31-40|31-40|31-40|51-60|51-60,1
12,1-10|31-40|31-40|41-50|41-50|51-60,1
12,1-10|31-40|41-50|41-50|41-50|51-60,1
12,1-10|31-40|41-50|41-50|51-60|51-60,1
12,11-20|11-20|11-20|11-20|21-30|41-50,1
12,11-20|11-20|11-20|21-30|31-40|41-50,1
12,11-20|11-20|11-20|21-30|31-40|51-60,1
12,11-20|11-20|11-20|31-40|41-50|51-60,1
12,11-20|11-20|21-30|21-30|41-50|51-60,1
12,11-20|11-20|21-30|31-40|31-40|41-50,2
12,11-20|11-20|21-30|31-40|41-50|41-50,2
12,11-20|11-20|21-30|31-40|41-50|51-60,1
12,11-20|11-20|21-30|41-50|41-50|51-60,3
12,11-20|11-20|31-40|41-50|41-50|51-60,2
12,11-20|11-20|31-40|41-50|51-60|51-60,2
12,11-20|21-30|21-30|21-30|21-30|41-50,1
12,11-20|21-30|21-30|21-30|31-40|41-50,1
12,11-20|21-30|21-30|21-30|41-50|41-50,1
12,11-20|21-30|21-30|21-30|41-50|51-60,1
12,11-20|21-30|21-30|31-40|31-40|31-40,2
12,11-20|21-30|21-30|31-40|31-40|41-50,1
12,11-20|21-30|21-30|31-40|31-40|51-60,1
12,11-20|21-30|21-30|31-40|41-50|51-60,3
12,11-20|21-30|21-30|31-40|51-60|51-60,1
12,11-20|21-30|21-30|41-50|41-50|51-60,2
12,11-20|21-30|21-30|41-50|51-60|51-60,3
12,11-20|21-30|31-40|31-40|31-40|41-50,1
12,11-20|21-30|31-40|31-40|31-40|51-60,1
12,11-20|21-30|31-40|31-40|41-50|41-50,1
12,11-20|21-30|31-40|31-40|41-50|51-60,4
12,11-20|21-30|31-40|41-50|41-50|41-50,1
12,11-20|21-30|31-40|41-50|41-50|51-60,3
12,11-20|21-30|31-40|41-50|51-60|51-60,1
12,11-20|21-30|31-40|51-60|51-60|51-60,1
12,11-20|31-40|31-40|31-40|41-50|51-60,2
12,11-20|31-40|31-40|41-50|41-50|41-50,1
12,11-20|31-40|31-40|41-50|41-50|51-60,1
12,11-20|31-40|41-50|41-50|51-60|51-60,1
12,11-20|31-40|41-50|51-60|51-60|51-60,2
12,21-30|21-30|31-40|31-40|41-50|41-50,1
12,21-30|21-30|31-40|41-50|41-50|51-60,3
12,21-30|21-30|41-50|41-50|41-50|51-60,1
12,21-30|21-30|41-50|41-50|51-60|51-60,1
12,21-30|31-40|31-40|31-40|41-50|51-60,2
12,21-30|31-40|31-40|41-50|41-50|41-50,1
12,21-30|31-40|31-40|41-50|41-50|51-60,1
12,21-30|31-40|31-40|41-50|51-60|51-60,2
12,21-30|31-40|41-50|41-50|51-60|51-60,1
12,21-30|31-40|41-50|51-60|51-60|51-60,1
12,31-40|31-40|31-40|41-50|51-60|51-60,1
12,31-40|31-40|41-50|41-50|51-60|51-60,1
12,31-40|31-40|41-50|51-60|51-60|51-60,1
