mes,Bola1,count_MM_bola1,Bola2,count_MM_bola2,Bola3,count_MM_bola3,Bola4,count_MM_bola4,Bola5,count_MM_bola5,Bola6,count_MM_bola6
01,1,31,0,0,0,0,0,0,0,0,0,0
01,2,23,0,0,0,0,0,0,0,0,0,0
01,3,20,0,0,0,0,0,0,0,0,0,0
01,4,21,0,0,0,0,0,0,0,0,0,0
01,5,18,0,0,0,0,0,0,0,0,0,0
01,6,18,0,0,0,0,0,0,0,0,0,0
01,7,9,0,0,0,0,0,0,0,0,0,0
01,8,11,0,0,0,0,0,0,0,0,0,0
01,9,10,0,0,0,0,0,0,0,0,0,0
01,10,15,0,0,0,0,0,0,0,0,0,0
01,11,11,0,0,0,0,0,0,0,0,0,0
01,12,6,0,0,0,0,0,0,0,0,0,0
01,13,10,0,0,0,0,0,0,0,0,0,0
01,14,4,0,0,0,0,0,0,0,0,0,0
01,15,6,0,0,0,0,0,0,0,0,0,0
01,16,6,0,0,0,0,0,0,0,0,0,0
01,17,4,0,0,0,0,0,0,0,0,0,0
01,18,4,0,0,0,0,0,0,0,0,0,0
01,19,4,0,0,0,0,0,0,0,0,0,0
01,20,2,0,0,0,0,0,0,0,0,0,0
01,21,3,0,0,0,0,0,0,0,0,0,0
01,22,2,0,0,0,0,0,0,0,0,0,0
01,23,2,0,0,0,0,0,0,0,0,0,0
01,24,1,0,0,0,0,0,0,0,0,0,0
01,25,1,0,0,0,0,0,0,0,0,0,0
01,26,1,0,0,0,0,0,0,0,0,0,0
01,27,1,0,0,0,0,0,0,0,0,0,0
01,28,2,0,0,0,0,0,0,0,0,0,0
01,29,3,0,0,0,0,0,0,0,0,0,0
01,31,1,0,0,0,0,0,0,0,0,0,0
02,1,27,0,0,0,0,0,0,0,0,0,0
02,2,22,0,0,0,0,0,0,0,0,0,0
02,3,15,0,0,0,0,0,0,0,0,0,0
02,4,17,0,0,0,0,0,0,0,0,0,0
02,5,6,0,0,0,0,0,0,0,0,0,0
02,6,16,0,0,0,0,0,0,0,0,0,0
02,7,21,0,0,0,0,0,0,0,0,0,0
02,8,9,0,0,0,0,0,0,0,0,0,0
02,9,13,0,0,0,0,0,0,0,0,0,0
02,10,11,0,0,0,0,0,0,0,0,0,0
02,11,13,0,0,0,0,0,0,0,0,0,0
02,12,8,0,0,0,0,0,0,0,0,0,0
02,13,9,0,0,0,0,0,0,0,0,0,0
02,14,9,0,0,0,0,0,0,0,0,0,0
02,15,5,0,0,0,0,0,0,0,0,0,0
02,16,5,0,0,0,0,0,0,0,0,0,0
02,17,7,0,0,0,0,0,0,0,0,0,0
02,18,1,0,0,0,0,0,0,0,0,0,0
02,19,3,0,0,0,0,0,0,0,0,0,0
02,20,3,0,0,0,0,0,0,0,0,0,0
02,21,1,0,0,0,0,0,0,0,0,0,0
02,22,1,0,0,0,0,0,0,0,0,0,0
02,23,3,0,0,0,0,0,0,0,0,0,0
02,24,1,0,0,0,0,0,0,0,0,0,0
02,25,1,0,0,0,0,0,0,0,0,0,0
02,26,3,0,0,0,0,0,0,0,0,0,0
02,27,1,0,0,0,0,0,0,0,0,0,0
02,28,2,0,0,0,0,0,0,0,0,0,0
02,29,1,0,0,0,0,0,0,0,0,0,0
03,1,27,0,0,0,0,0,0,0,0,0,0
03,2,27,0,0,0,0,0,0,0,0,0,0
03,3,26,0,0,0,0,0,0,0,0,0,0
03,4,28,0,0,0,0,0,0,0,0,0,0
03,5,16,0,0,0,0,0,0,0,0,0,0
03,6,20,0,0,0,0,0,0,0,0,0,0
03,7,10,0,0,0,0,0,0,0,0,0,0
03,8,8,0,0,0,0,0,0,0,0,0,0
03,9,12,0,0,0,0,0,0,0,0,0,0
03,10,13,0,0,0,0,0,0,0,0,0,0
03,11,9,0,0,0,0,0,0,0,0,0,0
03,12,4,0,0,0,0,0,0,0,0,0,0
03,13,4,0,0,0,0,0,0,0,0,0,0
03,14,8,0,0,0,0,0,0,0,0,0,0
03,15,7,0,0,0,0,0,0,0,0,0,0
03,16,7,0,0,0,0,0,0,0,0,0,0
03,17,3,0,0,0,0,0,0,0,0,0,0
03,18,4,0,0,0,0,0,0,0,0,0,0
03,19,4,0,0,0,0,0,0,0,0,0,0
03,20,4,0,0,0,0,0,0,0,0,0,0
03,21,4,0,0,0,0,0,0,0,0,0,0
03,22,3,0,0,0,0,0,0,0,0,0,0
03,23,3,0,0,0,0,0,0,0,0,0,0
03,25,2,0,0,0,0,0,0,0,0,0,0
03,26,1,0,0,0,0,0,0,0,0,0,0
03,27,1,0,0,0,0,0,0,0,0,0,0
03,29,1,0,0,0,0,0,0,0,0,0,0
03,30,2,0,0,0,0,0,0,0,0,0,0
03,35,1,0,0,0,0,0,0,0,0,0,0
03,37,1,0,0,0,0,0,0,0,0,0,0
03,46,1,0,0,0,0,0,0,0,0,0,0
04,1,26,0,0,0,0,0,0,0,0,0,0
04,2,24,0,0,0,0,0,0,0,0,0,0
04,3,16,0,0,0,0,0,0,0,0,0,0
04,4,27,0,0,0,0,0,0,0,0,0,0
04,5,24,0,0,0,0,0,0,0,0,0,0
04,6,17,0,0,0,0,0,0,0,0,0,0
04,7,17,0,0,0,0,0,0,0,0,0,0
04,8,11,0,0,0,0,0,0,0,0,0,0
04,9,11,0,0,0,0,0,0,0,0,0,0
04,10,9,0,0,0,0,0,0,0,0,0,0
04,11,8,0,0,0,0,0,0,0,0,0,0
04,12,8,0,0,0,0,0,0,0,0,0,0
04,13,5,0,0,0,0,0,0,0,0,0,0
04,14,8,0,0,0,0,0,0,0,0,0,0
04,15,7,0,0,0,0,0,0,0,0,0,0
04,16,5,0,0,0,0,0,0,0,0,0,0
04,17,5,0,0,0,0,0,0,0,0,0,0
04,18,2,0,0,0,0,0,0,0,0,0,0
04,19,1,0,0,0,0,0,0,0,0,0,0
04,20,6,0,0,0,0,0,0,0,0,0,0
04,21,1,0,0,0,0,0,0,0,0,0,0
04,22,3,0,0,0,0,0,0,0,0,0,0
04,23,1,0,0,0,0,0,0,0,0,0,0
04,24,2,0,0,0,0,0,0,0,0,0,0
04,25,2,0,0,0,0,0,0,0,0,0,0
04,27,1,0,0,0,0,0,0,0,0,0,0
04,30,2,0,0,0,0,0,0,0,0,0,0
04,31,3,0,0,0,0,0,0,0,0,0,0
04,35,1,0,0,0,0,0,0,0,0,0,0
04,39,1,0,0,0,0,0,0,0,0,0,0
05,1,29,0,0,0,0,0,0,0,0,0,0
05,2,25,0,0,0,0,0,0,0,0,0,0
05,3,10,0,0,0,0,0,0,0,0,0,0
05,4,20,0,0,0,0,0,0,0,0,0,0
05,5,19,0,0,0,0,0,0,0,0,0,0
05,6,13,0,0,0,0,0,0,0,0,0,0
05,7,18,0,0,0,0,0,0,0,0,0,0
05,8,20,0,0,0,0,0,0,0,0,0,0
05,9,9,0,0,0,0,0,0,0,0,0,0
05,10,14,0,0,0,0,0,0,0,0,0,0
05,11,6,0,0,0,0,0,0,0,0,0,0
05,12,11,0,0,0,0,0,0,0,0,0,0
05,13,6,0,0,0,0,0,0,0,0,0,0
05,14,6,0,0,0,0,0,0,0,0,0,0
05,15,8,0,0,0,0,0,0,0,0,0,0
05,16,2,0,0,0,0,0,0,0,0,0,0
05,17,5,0,0,0,0,0,0,0,0,0,0
05,18,3,0,0,0,0,0,0,0,0,0,0
05,19,5,0,0,0,0,0,0,0,0,0,0
05,20,5,0,0,0,0,0,0,0,0,0,0
05,21,3,0,0,0,0,0,0,0,0,0,0
05,22,1,0,0,0,0,0,0,0,0,0,0
05,23,5,0,0,0,0,0,0,0,0,0,0
05,25,1,0,0,0,0,0,0,0,0,0,0
05,26,1,0,0,0,0,0,0,0,0,0,0
05,27,3,0,0,0,0,0,0,0,0,0,0
05,29,1,0,0,0,0,0,0,0,0,0,0
05,33,1,0,0,0,0,0,0,0,0,0,0
05,34,1,0,0,0,0,0,0,0,0,0,0
06,1,22,0,0,0,0,0,0,0,0,0,0
06,2,22,0,0,0,0,0,0,0,0,0,0
06,3,21,0,0,0,0,0,0,0,0,0,0
06,4,19,0,0,0,0,0,0,0,0,0,0
06,5,14,0,0,0,0,0,0,0,0,0,0
06,6,11,0,0,0,0,0,0,0,0,0,0
06,7,13,0,0,0,0,0,0,0,0,0,0
06,8,12,0,0,0,0,0,0,0,0,0,0
06,9,14,0,0,0,0,0,0,0,0,0,0
06,10,15,0,0,0,0,0,0,0,0,0,0
06,11,13,0,0,0,0,0,0,0,0,0,0
06,12,10,0,0,0,0,0,0,0,0,0,0
06,13,7,0,0,0,0,0,0,0,0,0,0
06,14,8,0,0,0,0,0,0,0,0,0,0
06,15,5,0,0,0,0,0,0,0,0,0,0
06,16,6,0,0,0,0,0,0,0,0,0,0
06,17,5,0,0,0,0,0,0,0,0,0,0
06,18,4,0,0,0,0,0,0,0,0,0,0
06,19,1,0,0,0,0,0,0,0,0,0,0
06,20,2,0,0,0,0,0,0,0,0,0,0
06,21,1,0,0,0,0,0,0,0,0,0,0
06,22,4,0,0,0,0,0,0,0,0,0,0
06,23,2,0,0,0,0,0,0,0,0,0,0
06,24,4,0,0,0,0,0,0,0,0,0,0
06,25,2,0,0,0,0,0,0,0,0,0,0
06,26,1,0,0,0,0,0,0,0,0,0,0
06,29,1,0,0,0,0,0,0,0,0,0,0
06,31,1,0,0,0,0,0,0,0,0,0,0
06,34,1,0,0,0,0,0,0,0,0,0,0
06,50,1,0,0,0,0,0,0,0,0,0,0
07,1,13,0,0,0,0,0,0,0,0,0,0
07,2,17,0,0,0,0,0,0,0,0,0,0
07,3,19,0,0,0,0,0,0,0,0,0,0
07,4,27,0,0,0,0,0,0,0,0,0,0
07,5,21,0,0,0,0,0,0,0,0,0,0
07,6,13,0,0,0,0,0,0,0,0,0,0
07,7,11,0,0,0,0,0,0,0,0,0,0
07,8,18,0,0,0,0,0,0,0,0,0,0
07,9,12,0,0,0,0,0,0,0,0,0,0
07,10,13,0,0,0,0,0,0,0,0,0,0
07,11,11,0,0,0,0,0,0,0,0,0,0
07,12,5,0,0,0,0,0,0,0,0,0,0
07,13,8,0,0,0,0,0,0,0,0,0,0
07,14,14,0,0,0,0,0,0,0,0,0,0
07,15,3,0,0,0,0,0,0,0,0,0,0
07,16,9,0,0,0,0,0,0,0,0,0,0
07,17,10,0,0,0,0,0,0,0,0,0,0
07,18,4,0,0,0,0,0,0,0,0,0,0
07,19,3,0,0,0,0,0,0,0,0,0,0
07,20,3,0,0,0,0,0,0,0,0,0,0
07,21,2,0,0,0,0,0,0,0,0,0,0
07,22,3,0,0,0,0,0,0,0,0,0,0
07,23,1,0,0,0,0,0,0,0,0,0,0
07,24,2,0,0,0,0,0,0,0,0,0,0
07,25,3,0,0,0,0,0,0,0,0,0,0
07,26,1,0,0,0,0,0,0,0,0,0,0
07,27,2,0,0,0,0,0,0,0,0,0,0
07,28,3,0,0,0,0,0,0,0,0,0,0
07,31,1,0,0,0,0,0,0,0,0,0,0
07,33,1,0,0,0,0,0,0,0,0,0,0
07,36,1,0,0,0,0,0,0,0,0,0,0
07,41,1,0,0,0,0,0,0,0,0,0,0
07,43,1,0,0,0,0,0,0,0,0,0,0
08,1,27,0,0,0,0,0,0,0,0,0,0
08,2,21,0,0,0,0,0,0,0,0,0,0
08,3,24,0,0,0,0,0,0,0,0,0,0
08,4,13,0,0,0,0,0,0,0,0,0,0
08,5,22,0,0,0,0,0,0,0,0,0,0
08,6,20,0,0,0,0,0,0,0,0,0,0
08,7,18,0,0,0,0,0,0,0,0,0,0
08,8,21,0,0,0,0,0,0,0,0,0,0
08,9,14,0,0,0,0,0,0,0,0,0,0
08,10,10,0,0,0,0,0,0,0,0,0,0
08,11,7,0,0,0,0,0,0,0,0,0,0
08,12,6,0,0,0,0,0,0,0,0,0,0
08,13,8,0,0,0,0,0,0,0,0,0,0
08,14,3,0,0,0,0,0,0,0,0,0,0
08,15,9,0,0,0,0,0,0,0,0,0,0
08,16,1,0,0,0,0,0,0,0,0,0,0
08,17,7,0,0,0,0,0,0,0,0,0,0
08,18,1,0,0,0,0,0,0,0,0,0,0
08,19,4,0,0,0,0,0,0,0,0,0,0
08,20,7,0,0,0,0,0,0,0,0,0,0
08,21,5,0,0,0,0,0,0,0,0,0,0
08,22,2,0,0,0,0,0,0,0,0,0,0
08,23,2,0,0,0,0,0,0,0,0,0,0
08,24,3,0,0,0,0,0,0,0,0,0,0
08,25,2,0,0,0,0,0,0,0,0,0,0
08,26,2,0,0,0,0,0,0,0,0,0,0
08,27,1,0,0,0,0,0,0,0,0,0,0
08,29,2,0,0,0,0,0,0,0,0,0,0
08,30,1,0,0,0,0,0,0,0,0,0,0
08,33,2,0,0,0,0,0,0,0,0,0,0
08,38,1,0,0,0,0,0,0,0,0,0,0
08,41,1,0,0,0,0,0,0,0,0,0,0
09,1,23,0,0,0,0,0,0,0,0,0,0
09,2,22,0,0,0,0,0,0,0,0,0,0
09,3,21,0,0,0,0,0,0,0,0,0,0
09,4,19,0,0,0,0,0,0,0,0,0,0
09,5,18,0,0,0,0,0,0,0,0,0,0
09,6,18,0,0,0,0,0,0,0,0,0,0
09,7,18,0,0,0,0,0,0,0,0,0,0
09,8,12,0,0,0,0,0,0,0,0,0,0
09,9,16,0,0,0,0,0,0,0,0,0,0
09,10,19,0,0,0,0,0,0,0,0,0,0
09,11,8,0,0,0,0,0,0,0,0,0,0
09,12,5,0,0,0,0,0,0,0,0,0,0
09,13,10,0,0,0,0,0,0,0,0,0,0
09,14,5,0,0,0,0,0,0,0,0,0,0
09,15,2,0,0,0,0,0,0,0,0,0,0
09,16,3,0,0,0,0,0,0,0,0,0,0
09,17,5,0,0,0,0,0,0,0,0,0,0
09,18,5,0,0,0,0,0,0,0,0,0,0
09,19,4,0,0,0,0,0,0,0,0,0,0
09,20,2,0,0,0,0,0,0,0,0,0,0
09,21,3,0,0,0,0,0,0,0,0,0,0
09,22,3,0,0,0,0,0,0,0,0,0,0
09,23,3,0,0,0,0,0,0,0,0,0,0
09,24,1,0,0,0,0,0,0,0,0,0,0
09,25,1,0,0,0,0,0,0,0,0,0,0
09,26,1,0,0,0,0,0,0,0,0,0,0
09,28,1,0,0,0,0,0,0,0,0,0,0
09,29,1,0,0,0,0,0,0,0,0,0,0
09,32,1,0,0,0,0,0,0,0,0,0,0
09,35,1,0,0,0,0,0,0,0,0,0,0
10,1,17,0,0,0,0,0,0,0,0,0,0
10,2,26,0,0,0,0,0,0,0,0,0,0
10,3,29,0,0,0,0,0,0,0,0,0,0
10,4,27,0,0,0,0,0,0,0,0,0,0
10,5,17,0,0,0,0,0,0,0,0,0,0
10,6,16,0,0,0,0,0,0,0,0,0,0
10,7,16,0,0,0,0,0,0,0,0,0,0
10,8,16,0,0,0,0,0,0,0,0,0,0
10,9,11,0,0,0,0,0,0,0,0,0,0
10,10,12,0,0,0,0,0,0,0,0,0,0
10,11,8,0,0,0,0,0,0,0,0,0,0
10,12,5,0,0,0,0,0,0,0,0,0,0
10,13,4,0,0,0,0,0,0,0,0,0,0
10,14,7,0,0,0,0,0,0,0,0,0,0
10,15,7,0,0,0,0,0,0,0,0,0,0
10,16,8,0,0,0,0,0,0,0,0,0,0
10,17,6,0,0,0,0,0,0,0,0,0,0
10,18,7,0,0,0,0,0,0,0,0,0,0
10,19,3,0,0,0,0,0,0,0,0,0,0
10,20,3,0,0,0,0,0,0,0,0,0,0
10,21,1,0,0,0,0,0,0,0,0,0,0
10,22,2,0,0,0,0,0,0,0,0,0,0
10,23,3,0,0,0,0,0,0,0,0,0,0
10,24,1,0,0,0,0,0,0,0,0,0,0
10,25,2,0,0,0,0,0,0,0,0,0,0
10,26,1,0,0,0,0,0,0,0,0,0,0
10,27,1,0,0,0,0,0,0,0,0,0,0
10,28,2,0,0,0,0,0,0,0,0,0,0
10,29,1,0,0,0,0,0,0,0,0,0,0
10,31,1,0,0,0,0,0,0,0,0,0,0
11,1,23,0,0,0,0,0,0,0,0,0,0
11,2,24,0,0,0,0,0,0,0,0,0,0
11,3,17,0,0,0,0,0,0,0,0,0,0
11,4,15,0,0,0,0,0,0,0,0,0,0
11,5,23,0,0,0,0,0,0,0,0,0,0
11,6,18,0,0,0,0,0,0,0,0,0,0
11,7,18,0,0,0,0,0,0,0,0,0,0
11,8,12,0,0,0,0,0,0,0,0,0,0
11,9,12,0,0,0,0,0,0,0,0,0,0
11,10,17,0,0,0,0,0,0,0,0,0,0
11,11,7,0,0,0,0,0,0,0,0,0,0
11,12,13,0,0,0,0,0,0,0,0,0,0
11,13,6,0,0,0,0,0,0,0,0,0,0
11,14,5,0,0,0,0,0,0,0,0,0,0
11,15,4,0,0,0,0,0,0,0,0,0,0
11,16,5,0,0,0,0,0,0,0,0,0,0
11,17,4,0,0,0,0,0,0,0,0,0,0
11,18,1,0,0,0,0,0,0,0,0,0,0
11,19,4,0,0,0,0,0,0,0,0,0,0
11,20,2,0,0,0,0,0,0,0,0,0,0
11,21,1,0,0,0,0,0,0,0,0,0,0
11,22,4,0,0,0,0,0,0,0,0,0,0
11,23,3,0,0,0,0,0,0,0,0,0,0
11,24,1,0,0,0,0,0,0,0,0,0,0
11,25,4,0,0,0,0,0,0,0,0,0,0
11,26,1,0,0,0,0,0,0,0,0,0,0
11,27,1,0,0,0,0,0,0,0,0,0,0
11,28,1,0,0,0,0,0,0,0,0,0,0
12,1,31,0,0,0,0,0,0,0,0,0,0
12,2,17,0,0,0,0,0,0,0,0,0,0
12,3,14,0,0,0,0,0,0,0,0,0,0
12,4,18,0,0,0,0,0,0,0,0,0,0
12,5,17,0,0,0,0,0,0,0,0,0,0
12,6,10,0,0,0,0,0,0,0,0,0,0
12,7,13,0,0,0,0,0,0,0,0,0,0
12,8,18,0,0,0,0,0,0,0,0,0,0
12,9,12,0,0,0,0,0,0,0,0,0,0
12,10,11,0,0,0,0,0,0,0,0,0,0
12,11,5,0,0,0,0,0,0,0,0,0,0
12,12,14,0,0,0,0,0,0,0,0,0,0
12,13,2,0,0,0,0,0,0,0,0,0,0
12,14,3,0,0,0,0,0,0,0,0,0,0
12,15,6,0,0,0,0,0,0,0,0,0,0
12,16,5,0,0,0,0,0,0,0,0,0,0
12,17,2,0,0,0,0,0,0,0,0,0,0
12,18,4,0,0,0,0,0,0,0,0,0,0
12,19,6,0,0,0,0,0,0,0,0,0,0
12,20,7,0,0,0,0,0,0,0,0,0,0
12,21,4,0,0,0,0,0,0,0,0,0,0
12,22,1,0,0,0,0,0,0,0,0,0,0
12,23,1,0,0,0,0,0,0,0,0,0,0
12,24,1,0,0,0,0,0,0,0,0,0,0
12,25,1,0,0,0,0,0,0,0,0,0,0
12,26,3,0,0,0,0,0,0,0,0,0,0
12,28,1,0,0,0,0,0,0,0,0,0,0
12,30,2,0,0,0,0,0,0,0,0,0,0
12,32,2,0,0,0,0,0,0,0,0,0,0
12,33,1,0,0,0,0,0,0,0,0,0,0
01,0,0,2,2,0,0,0,0,0,0,0,0
01,0,0,3,5,0,0,0,0,0,0,0,0
01,0,0,4,4,0,0,0,0,0,0,0,0
01,0,0,5,3,0,0,0,0,0,0,0,0
01,0,0,6,11,0,0,0,0,0,0,0,0
01,0,0,7,6,0,0,0,0,0,0,0,0
01,0,0,8,6,0,0,0,0,0,0,0,0
01,0,0,9,9,0,0,0,0,0,0,0,0
01,0,0,10,8,0,0,0,0,0,0,0,0
01,0,0,11,10,0,0,0,0,0,0,0,0
01,0,0,12,11,0,0,0,0,0,0,0,0
01,0,0,13,18,0,0,0,0,0,0,0,0
01,0,0,14,10,0,0,0,0,0,0,0,0
01,0,0,15,9,0,0,0,0,0,0,0,0
01,0,0,16,9,0,0,0,0,0,0,0,0
01,0,0,17,14,0,0,0,0,0,0,0,0
01,0,0,18,11,0,0,0,0,0,0,0,0
01,0,0,19,11,0,0,0,0,0,0,0,0
01,0,0,20,12,0,0,0,0,0,0,0,0
01,0,0,21,8,0,0,0,0,0,0,0,0
01,0,0,22,5,0,0,0,0,0,0,0,0
01,0,0,23,6,0,0,0,0,0,0,0,0
01,0,0,24,5,0,0,0,0,0,0,0,0
01,0,0,25,5,0,0,0,0,0,0,0,0
01,0,0,26,5,0,0,0,0,0,0,0,0
01,0,0,27,8,0,0,0,0,0,0,0,0
01,0,0,28,6,0,0,0,0,0,0,0,0
01,0,0,29,2,0,0,0,0,0,0,0,0
01,0,0,30,6,0,0,0,0,0,0,0,0
01,0,0,31,3,0,0,0,0,0,0,0,0
01,0,0,32,3,0,0,0,0,0,0,0,0
01,0,0,33,3,0,0,0,0,0,0,0,0
01,0,0,34,2,0,0,0,0,0,0,0,0
01,0,0,36,2,0,0,0,0,0,0,0,0
01,0,0,37,5,0,0,0,0,0,0,0,0
01,0,0,38,1,0,0,0,0,0,0,0,0
01,0,0,39,2,0,0,0,0,0,0,0,0
01,0,0,40,1,0,0,0,0,0,0,0,0
01,0,0,41,2,0,0,0,0,0,0,0,0
01,0,0,44,1,0,0,0,0,0,0,0,0
02,0,0,2,5,0,0,0,0,0,0,0,0
02,0,0,3,3,0,0,0,0,0,0,0,0
02,0,0,4,6,0,0,0,0,0,0,0,0
02,0,0,5,10,0,0,0,0,0,0,0,0
02,0,0,6,8,0,0,0,0,0,0,0,0
02,0,0,7,5,0,0,0,0,0,0,0,0
02,0,0,8,6,0,0,0,0,0,0,0,0
02,0,0,9,9,0,0,0,0,0,0,0,0
02,0,0,10,17,0,0,0,0,0,0,0,0
02,0,0,11,14,0,0,0,0,0,0,0,0
02,0,0,12,12,0,0,0,0,0,0,0,0
02,0,0,13,8,0,0,0,0,0,0,0,0
02,0,0,14,7,0,0,0,0,0,0,0,0
02,0,0,15,11,0,0,0,0,0,0,0,0
02,0,0,16,13,0,0,0,0,0,0,0,0
02,0,0,17,5,0,0,0,0,0,0,0,0
02,0,0,18,9,0,0,0,0,0,0,0,0
02,0,0,19,4,0,0,0,0,0,0,0,0
02,0,0,20,8,0,0,0,0,0,0,0,0
02,0,0,21,3,0,0,0,0,0,0,0,0
02,0,0,22,6,0,0,0,0,0,0,0,0
02,0,0,23,10,0,0,0,0,0,0,0,0
02,0,0,24,6,0,0,0,0,0,0,0,0
02,0,0,25,5,0,0,0,0,0,0,0,0
02,0,0,26,4,0,0,0,0,0,0,0,0
02,0,0,27,7,0,0,0,0,0,0,0,0
02,0,0,28,5,0,0,0,0,0,0,0,0
02,0,0,29,6,0,0,0,0,0,0,0,0
02,0,0,30,2,0,0,0,0,0,0,0,0
02,0,0,31,2,0,0,0,0,0,0,0,0
02,0,0,32,3,0,0,0,0,0,0,0,0
02,0,0,33,2,0,0,0,0,0,0,0,0
02,0,0,34,2,0,0,0,0,0,0,0,0
02,0,0,35,3,0,0,0,0,0,0,0,0
02,0,0,36,2,0,0,0,0,0,0,0,0
02,0,0,37,2,0,0,0,0,0,0,0,0
02,0,0,38,2,0,0,0,0,0,0,0,0
02,0,0,40,2,0,0,0,0,0,0,0,0
03,0,0,2,3,0,0,0,0,0,0,0,0
03,0,0,3,8,0,0,0,0,0,0,0,0
03,0,0,4,6,0,0,0,0,0,0,0,0
03,0,0,5,9,0,0,0,0,0,0,0,0
03,0,0,6,8,0,0,0,0,0,0,0,0
03,0,0,7,11,0,0,0,0,0,0,0,0
03,0,0,8,8,0,0,0,0,0,0,0,0
03,0,0,9,12,0,0,0,0,0,0,0,0
03,0,0,10,8,0,0,0,0,0,0,0,0
03,0,0,11,11,0,0,0,0,0,0,0,0
03,0,0,12,11,0,0,0,0,0,0,0,0
03,0,0,13,14,0,0,0,0,0,0,0,0
03,0,0,14,15,0,0,0,0,0,0,0,0
03,0,0,15,8,0,0,0,0,0,0,0,0
03,0,0,16,13,0,0,0,0,0,0,0,0
03,0,0,17,12,0,0,0,0,0,0,0,0
03,0,0,18,10,0,0,0,0,0,0,0,0
03,0,0,19,3,0,0,0,0,0,0,0,0
03,0,0,20,9,0,0,0,0,0,0,0,0
03,0,0,21,5,0,0,0,0,0,0,0,0
03,0,0,22,6,0,0,0,0,0,0,0,0
03,0,0,23,9,0,0,0,0,0,0,0,0
03,0,0,24,14,0,0,0,0,0,0,0,0
03,0,0,25,1,0,0,0,0,0,0,0,0
03,0,0,26,1,0,0,0,0,0,0,0,0
03,0,0,27,8,0,0,0,0,0,0,0,0
03,0,0,28,5,0,0,0,0,0,0,0,0
03,0,0,29,3,0,0,0,0,0,0,0,0
03,0,0,30,5,0,0,0,0,0,0,0,0
03,0,0,31,1,0,0,0,0,0,0,0,0
03,0,0,32,2,0,0,0,0,0,0,0,0
03,0,0,33,1,0,0,0,0,0,0,0,0
03,0,0,34,1,0,0,0,0,0,0,0,0
03,0,0,35,1,0,0,0,0,0,0,0,0
03,0,0,36,2,0,0,0,0,0,0,0,0
03,0,0,37,3,0,0,0,0,0,0,0,0
03,0,0,38,1,0,0,0,0,0,0,0,0
03,0,0,39,2,0,0,0,0,0,0,0,0
03,0,0,40,2,0,0,0,0,0,0,0,0
03,0,0,41,3,0,0,0,0,0,0,0,0
03,0,0,42,2,0,0,0,0,0,0,0,0
03,0,0,43,1,0,0,0,0,0,0,0,0
03,0,0,47,2,0,0,0,0,0,0,0,0
03,0,0,48,1,0,0,0,0,0,0,0,0
04,0,0,2,3,0,0,0,0,0,0,0,0
04,0,0,3,2,0,0,0,0,0,0,0,0
04,0,0,4,3,0,0,0,0,0,0,0,0
04,0,0,5,11,0,0,0,0,0,0,0,0
04,0,0,6,6,0,0,0,0,0,0,0,0
04,0,0,7,7,0,0,0,0,0,0,0,0
04,0,0,8,6,0,0,0,0,0,0,0,0
04,0,0,9,13,0,0,0,0,0,0,0,0
04,0,0,10,13,0,0,0,0,0,0,0,0
04,0,0,11,7,0,0,0,0,0,0,0,0
04,0,0,12,9,0,0,0,0,0,0,0,0
04,0,0,13,11,0,0,0,0,0,0,0,0
04,0,0,14,12,0,0,0,0,0,0,0,0
04,0,0,15,12,0,0,0,0,0,0,0,0
04,0,0,16,9,0,0,0,0,0,0,0,0
04,0,0,17,16,0,0,0,0,0,0,0,0
04,0,0,18,15,0,0,0,0,0,0,0,0
04,0,0,19,6,0,0,0,0,0,0,0,0
04,0,0,20,13,0,0,0,0,0,0,0,0
04,0,0,21,4,0,0,0,0,0,0,0,0
04,0,0,22,9,0,0,0,0,0,0,0,0
04,0,0,23,14,0,0,0,0,0,0,0,0
04,0,0,24,3,0,0,0,0,0,0,0,0
04,0,0,25,3,0,0,0,0,0,0,0,0
04,0,0,26,3,0,0,0,0,0,0,0,0
04,0,0,27,10,0,0,0,0,0,0,0,0
04,0,0,28,4,0,0,0,0,0,0,0,0
04,0,0,29,5,0,0,0,0,0,0,0,0
04,0,0,30,4,0,0,0,0,0,0,0,0
04,0,0,31,3,0,0,0,0,0,0,0,0
04,0,0,32,2,0,0,0,0,0,0,0,0
04,0,0,33,4,0,0,0,0,0,0,0,0
04,0,0,34,1,0,0,0,0,0,0,0,0
04,0,0,35,3,0,0,0,0,0,0,0,0
04,0,0,36,4,0,0,0,0,0,0,0,0
04,0,0,40,3,0,0,0,0,0,0,0,0
04,0,0,43,1,0,0,0,0,0,0,0,0
05,0,0,2,1,0,0,0,0,0,0,0,0
05,0,0,3,5,0,0,0,0,0,0,0,0
05,0,0,4,6,0,0,0,0,0,0,0,0
05,0,0,5,7,0,0,0,0,0,0,0,0
05,0,0,6,8,0,0,0,0,0,0,0,0
05,0,0,7,4,0,0,0,0,0,0,0,0
05,0,0,8,12,0,0,0,0,0,0,0,0
05,0,0,9,10,0,0,0,0,0,0,0,0
05,0,0,10,14,0,0,0,0,0,0,0,0
05,0,0,11,10,0,0,0,0,0,0,0,0
05,0,0,12,15,0,0,0,0,0,0,0,0
05,0,0,13,13,0,0,0,0,0,0,0,0
05,0,0,14,10,0,0,0,0,0,0,0,0
05,0,0,15,7,0,0,0,0,0,0,0,0
05,0,0,16,8,0,0,0,0,0,0,0,0
05,0,0,17,9,0,0,0,0,0,0,0,0
05,0,0,18,11,0,0,0,0,0,0,0,0
05,0,0,19,12,0,0,0,0,0,0,0,0
05,0,0,20,5,0,0,0,0,0,0,0,0
05,0,0,21,7,0,0,0,0,0,0,0,0
05,0,0,22,8,0,0,0,0,0,0,0,0
05,0,0,23,12,0,0,0,0,0,0,0,0
05,0,0,24,9,0,0,0,0,0,0,0,0
05,0,0,25,9,0,0,0,0,0,0,0,0
05,0,0,26,7,0,0,0,0,0,0,0,0
05,0,0,27,8,0,0,0,0,0,0,0,0
05,0,0,28,2,0,0,0,0,0,0,0,0
05,0,0,29,6,0,0,0,0,0,0,0,0
05,0,0,30,2,0,0,0,0,0,0,0,0
05,0,0,31,5,0,0,0,0,0,0,0,0
05,0,0,32,2,0,0,0,0,0,0,0,0
05,0,0,34,1,0,0,0,0,0,0,0,0
05,0,0,35,2,0,0,0,0,0,0,0,0
05,0,0,38,2,0,0,0,0,0,0,0,0
05,0,0,43,1,0,0,0,0,0,0,0,0
05,0,0,45,1,0,0,0,0,0,0,0,0
06,0,0,2,1,0,0,0,0,0,0,0,0
06,0,0,3,4,0,0,0,0,0,0,0,0
06,0,0,4,8,0,0,0,0,0,0,0,0
06,0,0,5,11,0,0,0,0,0,0,0,0
06,0,0,6,9,0,0,0,0,0,0,0,0
06,0,0,7,4,0,0,0,0,0,0,0,0
06,0,0,8,8,0,0,0,0,0,0,0,0
06,0,0,9,10,0,0,0,0,0,0,0,0
06,0,0,10,10,0,0,0,0,0,0,0,0
06,0,0,11,13,0,0,0,0,0,0,0,0
06,0,0,12,11,0,0,0,0,0,0,0,0
06,0,0,13,10,0,0,0,0,0,0,0,0
06,0,0,14,8,0,0,0,0,0,0,0,0
06,0,0,15,8,0,0,0,0,0,0,0,0
06,0,0,16,16,0,0,0,0,0,0,0,0
06,0,0,17,9,0,0,0,0,0,0,0,0
06,0,0,18,10,0,0,0,0,0,0,0,0
06,0,0,19,10,0,0,0,0,0,0,0,0
06,0,0,20,10,0,0,0,0,0,0,0,0
06,0,0,21,6,0,0,0,0,0,0,0,0
06,0,0,22,5,0,0,0,0,0,0,0,0
06,0,0,23,4,0,0,0,0,0,0,0,0
06,0,0,24,3,0,0,0,0,0,0,0,0
06,0,0,25,4,0,0,0,0,0,0,0,0
06,0,0,26,5,0,0,0,0,0,0,0,0
06,0,0,27,5,0,0,0,0,0,0,0,0
06,0,0,28,5,0,0,0,0,0,0,0,0
06,0,0,29,3,0,0,0,0,0,0,0,0
06,0,0,30,4,0,0,0,0,0,0,0,0
06,0,0,31,5,0,0,0,0,0,0,0,0
06,0,0,32,5,0,0,0,0,0,0,0,0
06,0,0,33,5,0,0,0,0,0,0,0,0
06,0,0,34,2,0,0,0,0,0,0,0,0
06,0,0,35,1,0,0,0,0,0,0,0,0
06,0,0,36,1,0,0,0,0,0,0,0,0
06,0,0,37,2,0,0,0,0,0,0,0,0
06,0,0,39,2,0,0,0,0,0,0,0,0
06,0,0,40,1,0,0,0,0,0,0,0,0
06,0,0,41,1,0,0,0,0,0,0,0,0
06,0,0,46,1,0,0,0,0,0,0,0,0
06,0,0,48,1,0,0,0,0,0,0,0,0
06,0,0,51,1,0,0,0,0,0,0,0,0
07,0,0,2,1,0,0,0,0,0,0,0,0
07,0,0,3,3,0,0,0,0,0,0,0,0
07,0,0,4,2,0,0,0,0,0,0,0,0
07,0,0,5,7,0,0,0,0,0,0,0,0
07,0,0,6,6,0,0,0,0,0,0,0,0
07,0,0,7,2,0,0,0,0,0,0,0,0
07,0,0,8,13,0,0,0,0,0,0,0,0
07,0,0,9,8,0,0,0,0,0,0,0,0
07,0,0,10,16,0,0,0,0,0,0,0,0
07,0,0,11,8,0,0,0,0,0,0,0,0
07,0,0,12,7,0,0,0,0,0,0,0,0
07,0,0,13,15,0,0,0,0,0,0,0,0
07,0,0,14,8,0,0,0,0,0,0,0,0
07,0,0,15,10,0,0,0,0,0,0,0,0
07,0,0,16,13,0,0,0,0,0,0,0,0
07,0,0,17,9,0,0,0,0,0,0,0,0
07,0,0,18,10,0,0,0,0,0,0,0,0
07,0,0,19,9,0,0,0,0,0,0,0,0
07,0,0,20,8,0,0,0,0,0,0,0,0
07,0,0,21,7,0,0,0,0,0,0,0,0
07,0,0,22,10,0,0,0,0,0,0,0,0
07,0,0,23,10,0,0,0,0,0,0,0,0
07,0,0,24,6,0,0,0,0,0,0,0,0
07,0,0,25,6,0,0,0,0,0,0,0,0
07,0,0,26,8,0,0,0,0,0,0,0,0
07,0,0,27,12,0,0,0,0,0,0,0,0
07,0,0,28,3,0,0,0,0,0,0,0,0
07,0,0,29,6,0,0,0,0,0,0,0,0
07,0,0,30,3,0,0,0,0,0,0,0,0
07,0,0,31,4,0,0,0,0,0,0,0,0
07,0,0,32,3,0,0,0,0,0,0,0,0
07,0,0,33,7,0,0,0,0,0,0,0,0
07,0,0,34,2,0,0,0,0,0,0,0,0
07,0,0,35,1,0,0,0,0,0,0,0,0
07,0,0,36,1,0,0,0,0,0,0,0,0
07,0,0,37,3,0,0,0,0,0,0,0,0
07,0,0,38,1,0,0,0,0,0,0,0,0
07,0,0,40,4,0,0,0,0,0,0,0,0
07,0,0,41,2,0,0,0,0,0,0,0,0
07,0,0,44,2,0,0,0,0,0,0,0,0
08,0,0,2,1,0,0,0,0,0,0,0,0
08,0,0,3,3,0,0,0,0,0,0,0,0
08,0,0,4,5,0,0,0,0,0,0,0,0
08,0,0,5,8,0,0,0,0,0,0,0,0
08,0,0,6,11,0,0,0,0,0,0,0,0
08,0,0,7,9,0,0,0,0,0,0,0,0
08,0,0,8,10,0,0,0,0,0,0,0,0
08,0,0,9,16,0,0,0,0,0,0,0,0
08,0,0,10,9,0,0,0,0,0,0,0,0
08,0,0,11,12,0,0,0,0,0,0,0,0
08,0,0,12,14,0,0,0,0,0,0,0,0
08,0,0,13,8,0,0,0,0,0,0,0,0
08,0,0,14,12,0,0,0,0,0,0,0,0
08,0,0,15,7,0,0,0,0,0,0,0,0
08,0,0,16,10,0,0,0,0,0,0,0,0
08,0,0,17,12,0,0,0,0,0,0,0,0
08,0,0,18,8,0,0,0,0,0,0,0,0
08,0,0,19,9,0,0,0,0,0,0,0,0
08,0,0,20,6,0,0,0,0,0,0,0,0
08,0,0,21,9,0,0,0,0,0,0,0,0
08,0,0,22,9,0,0,0,0,0,0,0,0
08,0,0,23,4,0,0,0,0,0,0,0,0
08,0,0,24,9,0,0,0,0,0,0,0,0
08,0,0,25,9,0,0,0,0,0,0,0,0
08,0,0,26,7,0,0,0,0,0,0,0,0
08,0,0,27,5,0,0,0,0,0,0,0,0
08,0,0,28,5,0,0,0,0,0,0,0,0
08,0,0,29,6,0,0,0,0,0,0,0,0
08,0,0,30,1,0,0,0,0,0,0,0,0
08,0,0,31,6,0,0,0,0,0,0,0,0
08,0,0,32,1,0,0,0,0,0,0,0,0
08,0,0,33,3,0,0,0,0,0,0,0,0
08,0,0,34,1,0,0,0,0,0,0,0,0
08,0,0,35,5,0,0,0,0,0,0,0,0
08,0,0,36,4,0,0,0,0,0,0,0,0
08,0,0,37,4,0,0,0,0,0,0,0,0
08,0,0,38,2,0,0,0,0,0,0,0,0
08,0,0,40,1,0,0,0,0,0,0,0,0
08,0,0,41,1,0,0,0,0,0,0,0,0
08,0,0,42,1,0,0,0,0,0,0,0,0
08,0,0,43,2,0,0,0,0,0,0,0,0
08,0,0,45,1,0,0,0,0,0,0,0,0
08,0,0,50,1,0,0,0,0,0,0,0,0
09,0,0,2,7,0,0,0,0,0,0,0,0
09,0,0,3,2,0,0,0,0,0,0,0,0
09,0,0,4,8,0,0,0,0,0,0,0,0
09,0,0,5,8,0,0,0,0,0,0,0,0
09,0,0,6,9,0,0,0,0,0,0,0,0
09,0,0,7,7,0,0,0,0,0,0,0,0
09,0,0,8,7,0,0,0,0,0,0,0,0
09,0,0,9,9,0,0,0,0,0,0,0,0
09,0,0,10,10,0,0,0,0,0,0,0,0
09,0,0,11,10,0,0,0,0,0,0,0,0
09,0,0,12,12,0,0,0,0,0,0,0,0
09,0,0,13,18,0,0,0,0,0,0,0,0
09,0,0,14,7,0,0,0,0,0,0,0,0
09,0,0,15,11,0,0,0,0,0,0,0,0
09,0,0,16,14,0,0,0,0,0,0,0,0
09,0,0,17,8,0,0,0,0,0,0,0,0
09,0,0,18,15,0,0,0,0,0,0,0,0
09,0,0,19,7,0,0,0,0,0,0,0,0
09,0,0,20,6,0,0,0,0,0,0,0,0
09,0,0,21,8,0,0,0,0,0,0,0,0
09,0,0,22,9,0,0,0,0,0,0,0,0
09,0,0,23,11,0,0,0,0,0,0,0,0
09,0,0,24,1,0,0,0,0,0,0,0,0
09,0,0,25,7,0,0,0,0,0,0,0,0
09,0,0,26,4,0,0,0,0,0,0,0,0
09,0,0,27,7,0,0,0,0,0,0,0,0
09,0,0,28,6,0,0,0,0,0,0,0,0
09,0,0,29,6,0,0,0,0,0,0,0,0
09,0,0,30,4,0,0,0,0,0,0,0,0
09,0,0,31,3,0,0,0,0,0,0,0,0
09,0,0,32,3,0,0,0,0,0,0,0,0
09,0,0,33,1,0,0,0,0,0,0,0,0
09,0,0,36,1,0,0,0,0,0,0,0,0
09,0,0,38,1,0,0,0,0,0,0,0,0
09,0,0,39,1,0,0,0,0,0,0,0,0
09,0,0,40,1,0,0,0,0,0,0,0,0
09,0,0,44,1,0,0,0,0,0,0,0,0
09,0,0,47,1,0,0,0,0,0,0,0,0
10,0,0,3,4,0,0,0,0,0,0,0,0
10,0,0,4,3,0,0,0,0,0,0,0,0
10,0,0,5,10,0,0,0,0,0,0,0,0
10,0,0,6,8,0,0,0,0,0,0,0,0
10,0,0,7,7,0,0,0,0,0,0,0,0
10,0,0,8,9,0,0,0,0,0,0,0,0
10,0,0,9,9,0,0,0,0,0,0,0,0
10,0,0,10,10,0,0,0,0,0,0,0,0
10,0,0,11,24,0,0,0,0,0,0,0,0
10,0,0,12,3,0,0,0,0,0,0,0,0
10,0,0,13,16,0,0,0,0,0,0,0,0
10,0,0,14,9,0,0,0,0,0,0,0,0
10,0,0,15,15,0,0,0,0,0,0,0,0
10,0,0,16,12,0,0,0,0,0,0,0,0
10,0,0,17,13,0,0,0,0,0,0,0,0
10,0,0,18,11,0,0,0,0,0,0,0,0
10,0,0,19,11,0,0,0,0,0,0,0,0
10,0,0,20,6,0,0,0,0,0,0,0,0
10,0,0,21,4,0,0,0,0,0,0,0,0
10,0,0,22,4,0,0,0,0,0,0,0,0
10,0,0,23,10,0,0,0,0,0,0,0,0
10,0,0,24,8,0,0,0,0,0,0,0,0
10,0,0,25,5,0,0,0,0,0,0,0,0
10,0,0,26,2,0,0,0,0,0,0,0,0
10,0,0,27,8,0,0,0,0,0,0,0,0
10,0,0,28,5,0,0,0,0,0,0,0,0
10,0,0,29,4,0,0,0,0,0,0,0,0
10,0,0,30,7,0,0,0,0,0,0,0,0
10,0,0,31,3,0,0,0,0,0,0,0,0
10,0,0,32,3,0,0,0,0,0,0,0,0
10,0,0,33,4,0,0,0,0,0,0,0,0
10,0,0,34,2,0,0,0,0,0,0,0,0
10,0,0,35,4,0,0,0,0,0,0,0,0
10,0,0,36,4,0,0,0,0,0,0,0,0
10,0,0,37,1,0,0,0,0,0,0,0,0
10,0,0,44,2,0,0,0,0,0,0,0,0
11,0,0,2,2,0,0,0,0,0,0,0,0
11,0,0,3,2,0,0,0,0,0,0,0,0
11,0,0,4,5,0,0,0,0,0,0,0,0
11,0,0,5,6,0,0,0,0,0,0,0,0
11,0,0,6,7,0,0,0,0,0,0,0,0
11,0,0,7,6,0,0,0,0,0,0,0,0
11,0,0,8,15,0,0,0,0,0,0,0,0
11,0,0,9,8,0,0,0,0,0,0,0,0
11,0,0,10,12,0,0,0,0,0,0,0,0
11,0,0,11,10,0,0,0,0,0,0,0,0
11,0,0,12,11,0,0,0,0,0,0,0,0
11,0,0,13,14,0,0,0,0,0,0,0,0
11,0,0,14,6,0,0,0,0,0,0,0,0
11,0,0,15,8,0,0,0,0,0,0,0,0
11,0,0,16,13,0,0,0,0,0,0,0,0
11,0,0,17,9,0,0,0,0,0,0,0,0
11,0,0,18,8,0,0,0,0,0,0,0,0
11,0,0,19,5,0,0,0,0,0,0,0,0
11,0,0,20,7,0,0,0,0,0,0,0,0
11,0,0,21,10,0,0,0,0,0,0,0,0
11,0,0,22,4,0,0,0,0,0,0,0,0
11,0,0,23,7,0,0,0,0,0,0,0,0
11,0,0,24,12,0,0,0,0,0,0,0,0
11,0,0,25,7,0,0,0,0,0,0,0,0
11,0,0,26,5,0,0,0,0,0,0,0,0
11,0,0,27,6,0,0,0,0,0,0,0,0
11,0,0,28,6,0,0,0,0,0,0,0,0
11,0,0,29,7,0,0,0,0,0,0,0,0
11,0,0,30,5,0,0,0,0,0,0,0,0
11,0,0,31,5,0,0,0,0,0,0,0,0
11,0,0,32,4,0,0,0,0,0,0,0,0
11,0,0,33,2,0,0,0,0,0,0,0,0
11,0,0,34,2,0,0,0,0,0,0,0,0
11,0,0,36,4,0,0,0,0,0,0,0,0
11,0,0,37,1,0,0,0,0,0,0,0,0
11,0,0,38,1,0,0,0,0,0,0,0,0
11,0,0,41,1,0,0,0,0,0,0,0,0
11,0,0,42,1,0,0,0,0,0,0,0,0
11,0,0,44,1,0,0,0,0,0,0,0,0
11,0,0,45,1,0,0,0,0,0,0,0,0
12,0,0,2,1,0,0,0,0,0,0,0,0
12,0,0,3,4,0,0,0,0,0,0,0,0
12,0,0,4,6,0,0,0,0,0,0,0,0
12,0,0,5,6,0,0,0,0,0,0,0,0
12,0,0,6,9,0,0,0,0,0,0,0,0
12,0,0,7,8,0,0,0,0,0,0,0,0
12,0,0,8,8,0,0,0,0,0,0,0,0
12,0,0,9,5,0,0,0,0,0,0,0,0
12,0,0,10,15,0,0,0,0,0,0,0,0
12,0,0,11,9,0,0,0,0,0,0,0,0
12,0,0,12,6,0,0,0,0,0,0,0,0
12,0,0,13,6,0,0,0,0,0,0,0,0
12,0,0,14,10,0,0,0,0,0,0,0,0
12,0,0,15,10,0,0,0,0,0,0,0,0
12,0,0,16,13,0,0,0,0,0,0,0,0
12,0,0,17,6,0,0,0,0,0,0,0,0
12,0,0,18,5,0,0,0,0,0,0,0,0
12,0,0,19,9,0,0,0,0,0,0,0,0
12,0,0,20,9,0,0,0,0,0,0,0,0
12,0,0,21,5,0,0,0,0,0,0,0,0
12,0,0,22,7,0,0,0,0,0,0,0,0
12,0,0,23,10,0,0,0,0,0,0,0,0
12,0,0,24,7,0,0,0,0,0,0,0,0
12,0,0,25,6,0,0,0,0,0,0,0,0
12,0,0,26,5,0,0,0,0,0,0,0,0
12,0,0,27,12,0,0,0,0,0,0,0,0
12,0,0,28,4,0,0,0,0,0,0,0,0
12,0,0,29,4,0,0,0,0,0,0,0,0
12,0,0,30,2,0,0,0,0,0,0,0,0
12,0,0,31,3,0,0,0,0,0,0,0,0
12,0,0,32,7,0,0,0,0,0,0,0,0
12,0,0,33,2,0,0,0,0,0,0,0,0
12,0,0,34,2,0,0,0,0,0,0,0,0
12,0,0,35,3,0,0,0,0,0,0,0,0
12,0,0,36,1,0,0,0,0,0,0,0,0
12,0,0,37,4,0,0,0,0,0,0,0,0
12,0,0,38,1,0,0,0,0,0,0,0,0
12,0,0,39,1,0,0,0,0,0,0,0,0
12,0,0,40,1,0,0,0,0,0,0,0,0
01,0,0,0,0,5,2,0,0,0,0,0,0
01,0,0,0,0,7,3,0,0,0,0,0,0
01,0,0,0,0,9,2,0,0,0,0,0,0
01,0,0,0,0,10,1,0,0,0,0,0,0
01,0,0,0,0,11,2,0,0,0,0,0,0
01,0,0,0,0,12,5,0,0,0,0,0,0
01,0,0,0,0,13,3,0,0,0,0,0,0
01,0,0,0,0,14,12,0,0,0,0,0,0
01,0,0,0,0,15,4,0,0,0,0,0,0
01,0,0,0,0,16,9,0,0,0,0,0,0
01,0,0,0,0,17,3,0,0,0,0,0,0
01,0,0,0,0,18,4,0,0,0,0,0,0
01,0,0,0,0,19,9,0,0,0,0,0,0
01,0,0,0,0,20,12,0,0,0,0,0,0
01,0,0,0,0,21,11,0,0,0,0,0,0
01,0,0,0,0,22,10,0,0,0,0,0,0
01,0,0,0,0,23,11,0,0,0,0,0,0
01,0,0,0,0,24,11,0,0,0,0,0,0
01,0,0,0,0,25,8,0,0,0,0,0,0
01,0,0,0,0,26,7,0,0,0,0,0,0
01,0,0,0,0,27,5,0,0,0,0,0,0
01,0,0,0,0,28,12,0,0,0,0,0,0
01,0,0,0,0,29,11,0,0,0,0,0,0
01,0,0,0,0,30,10,0,0,0,0,0,0
01,0,0,0,0,31,7,0,0,0,0,0,0
01,0,0,0,0,32,8,0,0,0,0,0,0
01,0,0,0,0,33,7,0,0,0,0,0,0
01,0,0,0,0,34,7,0,0,0,0,0,0
01,0,0,0,0,35,8,0,0,0,0,0,0
01,0,0,0,0,36,7,0,0,0,0,0,0
01,0,0,0,0,37,2,0,0,0,0,0,0
01,0,0,0,0,38,4,0,0,0,0,0,0
01,0,0,0,0,39,5,0,0,0,0,0,0
01,0,0,0,0,40,6,0,0,0,0,0,0
01,0,0,0,0,41,1,0,0,0,0,0,0
01,0,0,0,0,42,3,0,0,0,0,0,0
01,0,0,0,0,43,4,0,0,0,0,0,0
01,0,0,0,0,44,6,0,0,0,0,0,0
01,0,0,0,0,45,2,0,0,0,0,0,0
01,0,0,0,0,46,2,0,0,0,0,0,0
01,0,0,0,0,47,1,0,0,0,0,0,0
01,0,0,0,0,50,1,0,0,0,0,0,0
01,0,0,0,0,53,1,0,0,0,0,0,0
01,0,0,0,0,55,1,0,0,0,0,0,0
02,0,0,0,0,5,3,0,0,0,0,0,0
02,0,0,0,0,6,1,0,0,0,0,0,0
02,0,0,0,0,7,2,0,0,0,0,0,0
02,0,0,0,0,8,3,0,0,0,0,0,0
02,0,0,0,0,9,3,0,0,0,0,0,0
02,0,0,0,0,10,2,0,0,0,0,0,0
02,0,0,0,0,11,9,0,0,0,0,0,0
02,0,0,0,0,12,4,0,0,0,0,0,0
02,0,0,0,0,13,7,0,0,0,0,0,0
02,0,0,0,0,14,5,0,0,0,0,0,0
02,0,0,0,0,15,7,0,0,0,0,0,0
02,0,0,0,0,16,2,0,0,0,0,0,0
02,0,0,0,0,17,11,0,0,0,0,0,0
02,0,0,0,0,18,4,0,0,0,0,0,0
02,0,0,0,0,19,7,0,0,0,0,0,0
02,0,0,0,0,20,7,0,0,0,0,0,0
02,0,0,0,0,21,5,0,0,0,0,0,0
02,0,0,0,0,22,7,0,0,0,0,0,0
02,0,0,0,0,23,4,0,0,0,0,0,0
02,0,0,0,0,24,10,0,0,0,0,0,0
02,0,0,0,0,25,6,0,0,0,0,0,0
02,0,0,0,0,26,9,0,0,0,0,0,0
02,0,0,0,0,27,10,0,0,0,0,0,0
02,0,0,0,0,28,9,0,0,0,0,0,0
02,0,0,0,0,29,5,0,0,0,0,0,0
02,0,0,0,0,30,7,0,0,0,0,0,0
02,0,0,0,0,31,9,0,0,0,0,0,0
02,0,0,0,0,32,7,0,0,0,0,0,0
02,0,0,0,0,33,7,0,0,0,0,0,0
02,0,0,0,0,34,6,0,0,0,0,0,0
02,0,0,0,0,35,6,0,0,0,0,0,0
02,0,0,0,0,36,2,0,0,0,0,0,0
02,0,0,0,0,37,4,0,0,0,0,0,0
02,0,0,0,0,38,6,0,0,0,0,0,0
02,0,0,0,0,39,3,0,0,0,0,0,0
02,0,0,0,0,40,5,0,0,0,0,0,0
02,0,0,0,0,41,1,0,0,0,0,0,0
02,0,0,0,0,42,7,0,0,0,0,0,0
02,0,0,0,0,43,6,0,0,0,0,0,0
02,0,0,0,0,44,3,0,0,0,0,0,0
02,0,0,0,0,45,4,0,0,0,0,0,0
02,0,0,0,0,46,2,0,0,0,0,0,0
02,0,0,0,0,47,2,0,0,0,0,0,0
02,0,0,0,0,49,1,0,0,0,0,0,0
02,0,0,0,0,50,3,0,0,0,0,0,0
02,0,0,0,0,51,1,0,0,0,0,0,0
03,0,0,0,0,3,1,0,0,0,0,0,0
03,0,0,0,0,4,2,0,0,0,0,0,0
03,0,0,0,0,5,2,0,0,0,0,0,0
03,0,0,0,0,6,1,0,0,0,0,0,0
03,0,0,0,0,7,3,0,0,0,0,0,0
03,0,0,0,0,8,2,0,0,0,0,0,0
03,0,0,0,0,9,1,0,0,0,0,0,0
03,0,0,0,0,10,3,0,0,0,0,0,0
03,0,0,0,0,11,4,0,0,0,0,0,0
03,0,0,0,0,12,5,0,0,0,0,0,0
03,0,0,0,0,13,11,0,0,0,0,0,0
03,0,0,0,0,14,7,0,0,0,0,0,0
03,0,0,0,0,15,5,0,0,0,0,0,0
03,0,0,0,0,16,8,0,0,0,0,0,0
03,0,0,0,0,17,8,0,0,0,0,0,0
03,0,0,0,0,18,12,0,0,0,0,0,0
03,0,0,0,0,19,6,0,0,0,0,0,0
03,0,0,0,0,20,4,0,0,0,0,0,0
03,0,0,0,0,21,6,0,0,0,0,0,0
03,0,0,0,0,22,4,0,0,0,0,0,0
03,0,0,0,0,23,9,0,0,0,0,0,0
03,0,0,0,0,24,9,0,0,0,0,0,0
03,0,0,0,0,25,10,0,0,0,0,0,0
03,0,0,0,0,26,9,0,0,0,0,0,0
03,0,0,0,0,27,5,0,0,0,0,0,0
03,0,0,0,0,28,10,0,0,0,0,0,0
03,0,0,0,0,29,9,0,0,0,0,0,0
03,0,0,0,0,30,8,0,0,0,0,0,0
03,0,0,0,0,31,11,0,0,0,0,0,0
03,0,0,0,0,32,6,0,0,0,0,0,0
03,0,0,0,0,33,13,0,0,0,0,0,0
03,0,0,0,0,34,10,0,0,0,0,0,0
03,0,0,0,0,35,2,0,0,0,0,0,0
03,0,0,0,0,36,2,0,0,0,0,0,0
03,0,0,0,0,37,8,0,0,0,0,0,0
03,0,0,0,0,38,4,0,0,0,0,0,0
03,0,0,0,0,39,7,0,0,0,0,0,0
03,0,0,0,0,40,3,0,0,0,0,0,0
03,0,0,0,0,41,3,0,0,0,0,0,0
03,0,0,0,0,42,5,0,0,0,0,0,0
03,0,0,0,0,43,3,0,0,0,0,0,0
03,0,0,0,0,44,3,0,0,0,0,0,0
03,0,0,0,0,45,1,0,0,0,0,0,0
03,0,0,0,0,46,6,0,0,0,0,0,0
03,0,0,0,0,47,4,0,0,0,0,0,0
03,0,0,0,0,48,2,0,0,0,0,0,0
03,0,0,0,0,49,2,0,0,0,0,0,0
03,0,0,0,0,50,1,0,0,0,0,0,0
03,0,0,0,0,51,1,0,0,0,0,0,0
04,0,0,0,0,6,2,0,0,0,0,0,0
04,0,0,0,0,8,2,0,0,0,0,0,0
04,0,0,0,0,10,4,0,0,0,0,0,0
04,0,0,0,0,11,10,0,0,0,0,0,0
04,0,0,0,0,12,4,0,0,0,0,0,0
04,0,0,0,0,13,7,0,0,0,0,0,0
04,0,0,0,0,14,4,0,0,0,0,0,0
04,0,0,0,0,15,3,0,0,0,0,0,0
04,0,0,0,0,16,5,0,0,0,0,0,0
04,0,0,0,0,17,11,0,0,0,0,0,0
04,0,0,0,0,18,5,0,0,0,0,0,0
04,0,0,0,0,19,8,0,0,0,0,0,0
04,0,0,0,0,20,8,0,0,0,0,0,0
04,0,0,0,0,21,5,0,0,0,0,0,0
04,0,0,0,0,22,8,0,0,0,0,0,0
04,0,0,0,0,23,14,0,0,0,0,0,0
04,0,0,0,0,24,15,0,0,0,0,0,0
04,0,0,0,0,25,10,0,0,0,0,0,0
04,0,0,0,0,26,4,0,0,0,0,0,0
04,0,0,0,0,27,7,0,0,0,0,0,0
04,0,0,0,0,28,7,0,0,0,0,0,0
04,0,0,0,0,29,4,0,0,0,0,0,0
04,0,0,0,0,30,16,0,0,0,0,0,0
04,0,0,0,0,31,8,0,0,0,0,0,0
04,0,0,0,0,32,11,0,0,0,0,0,0
04,0,0,0,0,33,6,0,0,0,0,0,0
04,0,0,0,0,34,8,0,0,0,0,0,0
04,0,0,0,0,35,2,0,0,0,0,0,0
04,0,0,0,0,36,7,0,0,0,0,0,0
04,0,0,0,0,37,9,0,0,0,0,0,0
04,0,0,0,0,38,9,0,0,0,0,0,0
04,0,0,0,0,39,7,0,0,0,0,0,0
04,0,0,0,0,40,3,0,0,0,0,0,0
04,0,0,0,0,41,2,0,0,0,0,0,0
04,0,0,0,0,42,5,0,0,0,0,0,0
04,0,0,0,0,43,2,0,0,0,0,0,0
04,0,0,0,0,44,5,0,0,0,0,0,0
04,0,0,0,0,45,1,0,0,0,0,0,0
04,0,0,0,0,46,2,0,0,0,0,0,0
04,0,0,0,0,47,1,0,0,0,0,0,0
04,0,0,0,0,48,1,0,0,0,0,0,0
04,0,0,0,0,51,1,0,0,0,0,0,0
04,0,0,0,0,52,1,0,0,0,0,0,0
05,0,0,0,0,5,1,0,0,0,0,0,0
05,0,0,0,0,7,5,0,0,0,0,0,0
05,0,0,0,0,8,1,0,0,0,0,0,0
05,0,0,0,0,9,3,0,0,0,0,0,0
05,0,0,0,0,10,3,0,0,0,0,0,0
05,0,0,0,0,11,3,0,0,0,0,0,0
05,0,0,0,0,12,3,0,0,0,0,0,0
05,0,0,0,0,13,5,0,0,0,0,0,0
05,0,0,0,0,14,9,0,0,0,0,0,0
05,0,0,0,0,15,6,0,0,0,0,0,0
05,0,0,0,0,16,7,0,0,0,0,0,0
05,0,0,0,0,17,10,0,0,0,0,0,0
05,0,0,0,0,18,7,0,0,0,0,0,0
05,0,0,0,0,19,6,0,0,0,0,0,0
05,0,0,0,0,20,5,0,0,0,0,0,0
05,0,0,0,0,21,9,0,0,0,0,0,0
05,0,0,0,0,22,7,0,0,0,0,0,0
05,0,0,0,0,23,11,0,0,0,0,0,0
05,0,0,0,0,24,8,0,0,0,0,0,0
05,0,0,0,0,25,5,0,0,0,0,0,0
05,0,0,0,0,26,16,0,0,0,0,0,0
05,0,0,0,0,27,13,0,0,0,0,0,0
05,0,0,0,0,28,14,0,0,0,0,0,0
05,0,0,0,0,29,6,0,0,0,0,0,0
05,0,0,0,0,30,9,0,0,0,0,0,0
05,0,0,0,0,31,10,0,0,0,0,0,0
05,0,0,0,0,32,12,0,0,0,0,0,0
05,0,0,0,0,33,4,0,0,0,0,0,0
05,0,0,0,0,34,9,0,0,0,0,0,0
05,0,0,0,0,35,4,0,0,0,0,0,0
05,0,0,0,0,36,9,0,0,0,0,0,0
05,0,0,0,0,37,5,0,0,0,0,0,0
05,0,0,0,0,38,3,0,0,0,0,0,0
05,0,0,0,0,39,4,0,0,0,0,0,0
05,0,0,0,0,40,2,0,0,0,0,0,0
05,0,0,0,0,41,5,0,0,0,0,0,0
05,0,0,0,0,42,1,0,0,0,0,0,0
05,0,0,0,0,43,1,0,0,0,0,0,0
05,0,0,0,0,44,3,0,0,0,0,0,0
05,0,0,0,0,45,2,0,0,0,0,0,0
05,0,0,0,0,47,2,0,0,0,0,0,0
05,0,0,0,0,49,1,0,0,0,0,0,0
05,0,0,0,0,53,1,0,0,0,0,0,0
05,0,0,0,0,54,1,0,0,0,0,0,0
06,0,0,0,0,6,3,0,0,0,0,0,0
06,0,0,0,0,7,3,0,0,0,0,0,0
06,0,0,0,0,8,1,0,0,0,0,0,0
06,0,0,0,0,9,2,0,0,0,0,0,0
06,0,0,0,0,10,4,0,0,0,0,0,0
06,0,0,0,0,11,2,0,0,0,0,0,0
06,0,0,0,0,12,8,0,0,0,0,0,0
06,0,0,0,0,13,4,0,0,0,0,0,0
06,0,0,0,0,14,6,0,0,0,0,0,0
06,0,0,0,0,15,4,0,0,0,0,0,0
06,0,0,0,0,16,13,0,0,0,0,0,0
06,0,0,0,0,17,9,0,0,0,0,0,0
06,0,0,0,0,18,6,0,0,0,0,0,0
06,0,0,0,0,19,7,0,0,0,0,0,0
06,0,0,0,0,20,9,0,0,0,0,0,0
06,0,0,0,0,21,7,0,0,0,0,0,0
06,0,0,0,0,22,5,0,0,0,0,0,0
06,0,0,0,0,23,9,0,0,0,0,0,0
06,0,0,0,0,24,14,0,0,0,0,0,0
06,0,0,0,0,25,8,0,0,0,0,0,0
06,0,0,0,0,26,6,0,0,0,0,0,0
06,0,0,0,0,27,9,0,0,0,0,0,0
06,0,0,0,0,28,3,0,0,0,0,0,0
06,0,0,0,0,29,11,0,0,0,0,0,0
06,0,0,0,0,30,5,0,0,0,0,0,0
06,0,0,0,0,31,5,0,0,0,0,0,0
06,0,0,0,0,32,15,0,0,0,0,0,0
06,0,0,0,0,33,4,0,0,0,0,0,0
06,0,0,0,0,34,8,0,0,0,0,0,0
06,0,0,0,0,35,7,0,0,0,0,0,0
06,0,0,0,0,36,2,0,0,0,0,0,0
06,0,0,0,0,37,7,0,0,0,0,0,0
06,0,0,0,0,38,8,0,0,0,0,0,0
06,0,0,0,0,39,1,0,0,0,0,0,0
06,0,0,0,0,40,2,0,0,0,0,0,0
06,0,0,0,0,41,2,0,0,0,0,0,0
06,0,0,0,0,42,5,0,0,0,0,0,0
06,0,0,0,0,43,4,0,0,0,0,0,0
06,0,0,0,0,44,1,0,0,0,0,0,0
06,0,0,0,0,45,2,0,0,0,0,0,0
06,0,0,0,0,46,4,0,0,0,0,0,0
06,0,0,0,0,47,3,0,0,0,0,0,0
06,0,0,0,0,49,1,0,0,0,0,0,0
06,0,0,0,0,50,1,0,0,0,0,0,0
06,0,0,0,0,52,1,0,0,0,0,0,0
06,0,0,0,0,56,1,0,0,0,0,0,0
07,0,0,0,0,4,1,0,0,0,0,0,0
07,0,0,0,0,5,1,0,0,0,0,0,0
07,0,0,0,0,7,2,0,0,0,0,0,0
07,0,0,0,0,9,1,0,0,0,0,0,0
07,0,0,0,0,10,1,0,0,0,0,0,0
07,0,0,0,0,11,4,0,0,0,0,0,0
07,0,0,0,0,12,7,0,0,0,0,0,0
07,0,0,0,0,13,6,0,0,0,0,0,0
07,0,0,0,0,14,3,0,0,0,0,0,0
07,0,0,0,0,15,8,0,0,0,0,0,0
07,0,0,0,0,16,3,0,0,0,0,0,0
07,0,0,0,0,17,8,0,0,0,0,0,0
07,0,0,0,0,18,8,0,0,0,0,0,0
07,0,0,0,0,19,13,0,0,0,0,0,0
07,0,0,0,0,20,10,0,0,0,0,0,0
07,0,0,0,0,21,8,0,0,0,0,0,0
07,0,0,0,0,22,4,0,0,0,0,0,0
07,0,0,0,0,23,15,0,0,0,0,0,0
07,0,0,0,0,24,13,0,0,0,0,0,0
07,0,0,0,0,25,8,0,0,0,0,0,0
07,0,0,0,0,26,8,0,0,0,0,0,0
07,0,0,0,0,27,10,0,0,0,0,0,0
07,0,0,0,0,28,9,0,0,0,0,0,0
07,0,0,0,0,29,3,0,0,0,0,0,0
07,0,0,0,0,30,9,0,0,0,0,0,0
07,0,0,0,0,31,13,0,0,0,0,0,0
07,0,0,0,0,32,4,0,0,0,0,0,0
07,0,0,0,0,33,6,0,0,0,0,0,0
07,0,0,0,0,34,8,0,0,0,0,0,0
07,0,0,0,0,35,3,0,0,0,0,0,0
07,0,0,0,0,36,12,0,0,0,0,0,0
07,0,0,0,0,37,7,0,0,0,0,0,0
07,0,0,0,0,38,6,0,0,0,0,0,0
07,0,0,0,0,39,4,0,0,0,0,0,0
07,0,0,0,0,40,9,0,0,0,0,0,0
07,0,0,0,0,41,5,0,0,0,0,0,0
07,0,0,0,0,42,3,0,0,0,0,0,0
07,0,0,0,0,43,3,0,0,0,0,0,0
07,0,0,0,0,44,2,0,0,0,0,0,0
07,0,0,0,0,45,1,0,0,0,0,0,0
07,0,0,0,0,46,3,0,0,0,0,0,0
07,0,0,0,0,47,1,0,0,0,0,0,0
07,0,0,0,0,48,2,0,0,0,0,0,0
07,0,0,0,0,50,1,0,0,0,0,0,0
08,0,0,0,0,6,3,0,0,0,0,0,0
08,0,0,0,0,7,2,0,0,0,0,0,0
08,0,0,0,0,8,1,0,0,0,0,0,0
08,0,0,0,0,9,2,0,0,0,0,0,0
08,0,0,0,0,10,6,0,0,0,0,0,0
08,0,0,0,0,11,5,0,0,0,0,0,0
08,0,0,0,0,12,3,0,0,0,0,0,0
08,0,0,0,0,13,8,0,0,0,0,0,0
08,0,0,0,0,14,10,0,0,0,0,0,0
08,0,0,0,0,15,7,0,0,0,0,0,0
08,0,0,0,0,16,4,0,0,0,0,0,0
08,0,0,0,0,17,5,0,0,0,0,0,0
08,0,0,0,0,18,12,0,0,0,0,0,0
08,0,0,0,0,19,8,0,0,0,0,0,0
08,0,0,0,0,20,9,0,0,0,0,0,0
08,0,0,0,0,21,6,0,0,0,0,0,0
08,0,0,0,0,22,11,0,0,0,0,0,0
08,0,0,0,0,23,5,0,0,0,0,0,0
08,0,0,0,0,24,8,0,0,0,0,0,0
08,0,0,0,0,25,13,0,0,0,0,0,0
08,0,0,0,0,26,6,0,0,0,0,0,0
08,0,0,0,0,27,6,0,0,0,0,0,0
08,0,0,0,0,28,8,0,0,0,0,0,0
08,0,0,0,0,29,11,0,0,0,0,0,0
08,0,0,0,0,30,11,0,0,0,0,0,0
08,0,0,0,0,31,7,0,0,0,0,0,0
08,0,0,0,0,32,6,0,0,0,0,0,0
08,0,0,0,0,33,7,0,0,0,0,0,0
08,0,0,0,0,34,14,0,0,0,0,0,0
08,0,0,0,0,35,8,0,0,0,0,0,0
08,0,0,0,0,36,9,0,0,0,0,0,0
08,0,0,0,0,37,7,0,0,0,0,0,0
08,0,0,0,0,38,7,0,0,0,0,0,0
08,0,0,0,0,39,5,0,0,0,0,0,0
08,0,0,0,0,40,4,0,0,0,0,0,0
08,0,0,0,0,41,2,0,0,0,0,0,0
08,0,0,0,0,42,7,0,0,0,0,0,0
08,0,0,0,0,43,1,0,0,0,0,0,0
08,0,0,0,0,44,3,0,0,0,0,0,0
08,0,0,0,0,45,4,0,0,0,0,0,0
08,0,0,0,0,48,2,0,0,0,0,0,0
08,0,0,0,0,49,1,0,0,0,0,0,0
08,0,0,0,0,50,2,0,0,0,0,0,0
08,0,0,0,0,54,1,0,0,0,0,0,0
09,0,0,0,0,5,2,0,0,0,0,0,0
09,0,0,0,0,6,2,0,0,0,0,0,0
09,0,0,0,0,7,2,0,0,0,0,0,0
09,0,0,0,0,8,1,0,0,0,0,0,0
09,0,0,0,0,9,4,0,0,0,0,0,0
09,0,0,0,0,10,3,0,0,0,0,0,0
09,0,0,0,0,11,6,0,0,0,0,0,0
09,0,0,0,0,12,2,0,0,0,0,0,0
09,0,0,0,0,13,2,0,0,0,0,0,0
09,0,0,0,0,14,10,0,0,0,0,0,0
09,0,0,0,0,15,10,0,0,0,0,0,0
09,0,0,0,0,16,8,0,0,0,0,0,0
09,0,0,0,0,17,6,0,0,0,0,0,0
09,0,0,0,0,18,4,0,0,0,0,0,0
09,0,0,0,0,19,7,0,0,0,0,0,0
09,0,0,0,0,20,10,0,0,0,0,0,0
09,0,0,0,0,21,8,0,0,0,0,0,0
09,0,0,0,0,22,11,0,0,0,0,0,0
09,0,0,0,0,23,7,0,0,0,0,0,0
09,0,0,0,0,24,8,0,0,0,0,0,0
09,0,0,0,0,25,11,0,0,0,0,0,0
09,0,0,0,0,26,6,0,0,0,0,0,0
09,0,0,0,0,27,5,0,0,0,0,0,0
09,0,0,0,0,28,13,0,0,0,0,0,0
09,0,0,0,0,29,15,0,0,0,0,0,0
09,0,0,0,0,30,5,0,0,0,0,0,0
09,0,0,0,0,31,6,0,0,0,0,0,0
09,0,0,0,0,32,9,0,0,0,0,0,0
09,0,0,0,0,33,6,0,0,0,0,0,0
09,0,0,0,0,34,10,0,0,0,0,0,0
09,0,0,0,0,35,11,0,0,0,0,0,0
09,0,0,0,0,36,6,0,0,0,0,0,0
09,0,0,0,0,37,8,0,0,0,0,0,0
09,0,0,0,0,38,4,0,0,0,0,0,0
09,0,0,0,0,39,4,0,0,0,0,0,0
09,0,0,0,0,40,1,0,0,0,0,0,0
09,0,0,0,0,41,2,0,0,0,0,0,0
09,0,0,0,0,42,1,0,0,0,0,0,0
09,0,0,0,0,43,4,0,0,0,0,0,0
09,0,0,0,0,44,1,0,0,0,0,0,0
09,0,0,0,0,45,1,0,0,0,0,0,0
09,0,0,0,0,47,1,0,0,0,0,0,0
09,0,0,0,0,48,3,0,0,0,0,0,0
09,0,0,0,0,49,1,0,0,0,0,0,0
09,0,0,0,0,50,3,0,0,0,0,0,0
09,0,0,0,0,51,1,0,0,0,0,0,0
10,0,0,0,0,5,2,0,0,0,0,0,0
10,0,0,0,0,8,2,0,0,0,0,0,0
10,0,0,0,0,9,2,0,0,0,0,0,0
10,0,0,0,0,10,6,0,0,0,0,0,0
10,0,0,0,0,11,5,0,0,0,0,0,0
10,0,0,0,0,12,5,0,0,0,0,0,0
10,0,0,0,0,13,8,0,0,0,0,0,0
10,0,0,0,0,14,5,0,0,0,0,0,0
10,0,0,0,0,15,4,0,0,0,0,0,0
10,0,0,0,0,16,5,0,0,0,0,0,0
10,0,0,0,0,17,11,0,0,0,0,0,0
10,0,0,0,0,18,9,0,0,0,0,0,0
10,0,0,0,0,19,10,0,0,0,0,0,0
10,0,0,0,0,20,8,0,0,0,0,0,0
10,0,0,0,0,21,11,0,0,0,0,0,0
10,0,0,0,0,22,10,0,0,0,0,0,0
10,0,0,0,0,23,9,0,0,0,0,0,0
10,0,0,0,0,24,5,0,0,0,0,0,0
10,0,0,0,0,25,8,0,0,0,0,0,0
10,0,0,0,0,26,11,0,0,0,0,0,0
10,0,0,0,0,27,13,0,0,0,0,0,0
10,0,0,0,0,28,10,0,0,0,0,0,0
10,0,0,0,0,29,10,0,0,0,0,0,0
10,0,0,0,0,30,10,0,0,0,0,0,0
10,0,0,0,0,31,7,0,0,0,0,0,0
10,0,0,0,0,32,8,0,0,0,0,0,0
10,0,0,0,0,33,5,0,0,0,0,0,0
10,0,0,0,0,34,12,0,0,0,0,0,0
10,0,0,0,0,35,8,0,0,0,0,0,0
10,0,0,0,0,36,4,0,0,0,0,0,0
10,0,0,0,0,37,7,0,0,0,0,0,0
10,0,0,0,0,38,4,0,0,0,0,0,0
10,0,0,0,0,39,4,0,0,0,0,0,0
10,0,0,0,0,40,4,0,0,0,0,0,0
10,0,0,0,0,41,4,0,0,0,0,0,0
10,0,0,0,0,42,1,0,0,0,0,0,0
10,0,0,0,0,43,5,0,0,0,0,0,0
10,0,0,0,0,44,1,0,0,0,0,0,0
10,0,0,0,0,45,3,0,0,0,0,0,0
10,0,0,0,0,46,2,0,0,0,0,0,0
10,0,0,0,0,48,2,0,0,0,0,0,0
11,0,0,0,0,3,1,0,0,0,0,0,0
11,0,0,0,0,8,3,0,0,0,0,0,0
11,0,0,0,0,9,2,0,0,0,0,0,0
11,0,0,0,0,10,7,0,0,0,0,0,0
11,0,0,0,0,11,6,0,0,0,0,0,0
11,0,0,0,0,12,3,0,0,0,0,0,0
11,0,0,0,0,13,3,0,0,0,0,0,0
11,0,0,0,0,14,7,0,0,0,0,0,0
11,0,0,0,0,15,3,0,0,0,0,0,0
11,0,0,0,0,16,6,0,0,0,0,0,0
11,0,0,0,0,17,5,0,0,0,0,0,0
11,0,0,0,0,18,3,0,0,0,0,0,0
11,0,0,0,0,19,14,0,0,0,0,0,0
11,0,0,0,0,20,7,0,0,0,0,0,0
11,0,0,0,0,21,5,0,0,0,0,0,0
11,0,0,0,0,22,7,0,0,0,0,0,0
11,0,0,0,0,23,10,0,0,0,0,0,0
11,0,0,0,0,24,10,0,0,0,0,0,0
11,0,0,0,0,25,8,0,0,0,0,0,0
11,0,0,0,0,26,8,0,0,0,0,0,0
11,0,0,0,0,27,7,0,0,0,0,0,0
11,0,0,0,0,28,19,0,0,0,0,0,0
11,0,0,0,0,29,7,0,0,0,0,0,0
11,0,0,0,0,30,14,0,0,0,0,0,0
11,0,0,0,0,31,8,0,0,0,0,0,0
11,0,0,0,0,32,10,0,0,0,0,0,0
11,0,0,0,0,33,11,0,0,0,0,0,0
11,0,0,0,0,34,1,0,0,0,0,0,0
11,0,0,0,0,35,10,0,0,0,0,0,0
11,0,0,0,0,36,3,0,0,0,0,0,0
11,0,0,0,0,37,2,0,0,0,0,0,0
11,0,0,0,0,38,8,0,0,0,0,0,0
11,0,0,0,0,39,6,0,0,0,0,0,0
11,0,0,0,0,40,3,0,0,0,0,0,0
11,0,0,0,0,41,2,0,0,0,0,0,0
11,0,0,0,0,42,5,0,0,0,0,0,0
11,0,0,0,0,43,3,0,0,0,0,0,0
11,0,0,0,0,44,2,0,0,0,0,0,0
11,0,0,0,0,45,2,0,0,0,0,0,0
11,0,0,0,0,46,1,0,0,0,0,0,0
11,0,0,0,0,47,1,0,0,0,0,0,0
11,0,0,0,0,51,1,0,0,0,0,0,0
11,0,0,0,0,52,1,0,0,0,0,0,0
11,0,0,0,0,53,1,0,0,0,0,0,0
12,0,0,0,0,4,1,0,0,0,0,0,0
12,0,0,0,0,5,1,0,0,0,0,0,0
12,0,0,0,0,6,1,0,0,0,0,0,0
12,0,0,0,0,7,1,0,0,0,0,0,0
12,0,0,0,0,8,3,0,0,0,0,0,0
12,0,0,0,0,9,1,0,0,0,0,0,0
12,0,0,0,0,10,4,0,0,0,0,0,0
12,0,0,0,0,11,4,0,0,0,0,0,0
12,0,0,0,0,12,4,0,0,0,0,0,0
12,0,0,0,0,13,2,0,0,0,0,0,0
12,0,0,0,0,14,4,0,0,0,0,0,0
12,0,0,0,0,15,7,0,0,0,0,0,0
12,0,0,0,0,16,9,0,0,0,0,0,0
12,0,0,0,0,17,12,0,0,0,0,0,0
12,0,0,0,0,18,7,0,0,0,0,0,0
12,0,0,0,0,19,11,0,0,0,0,0,0
12,0,0,0,0,20,4,0,0,0,0,0,0
12,0,0,0,0,21,6,0,0,0,0,0,0
12,0,0,0,0,22,5,0,0,0,0,0,0
12,0,0,0,0,23,9,0,0,0,0,0,0
12,0,0,0,0,24,5,0,0,0,0,0,0
12,0,0,0,0,25,6,0,0,0,0,0,0
12,0,0,0,0,26,5,0,0,0,0,0,0
12,0,0,0,0,27,8,0,0,0,0,0,0
12,0,0,0,0,28,10,0,0,0,0,0,0
12,0,0,0,0,29,10,0,0,0,0,0,0
12,0,0,0,0,30,8,0,0,0,0,0,0
12,0,0,0,0,31,8,0,0,0,0,0,0
12,0,0,0,0,32,8,0,0,0,0,0,0
12,0,0,0,0,33,7,0,0,0,0,0,0
12,0,0,0,0,34,11,0,0,0,0,0,0
12,0,0,0,0,35,5,0,0,0,0,0,0
12,0,0,0,0,36,6,0,0,0,0,0,0
12,0,0,0,0,37,9,0,0,0,0,0,0
12,0,0,0,0,38,4,0,0,0,0,0,0
12,0,0,0,0,39,1,0,0,0,0,0,0
12,0,0,0,0,40,6,0,0,0,0,0,0
12,0,0,0,0,41,5,0,0,0,0,0,0
12,0,0,0,0,42,3,0,0,0,0,0,0
12,0,0,0,0,43,1,0,0,0,0,0,0
12,0,0,0,0,44,3,0,0,0,0,0,0
12,0,0,0,0,45,5,0,0,0,0,0,0
12,0,0,0,0,49,2,0,0,0,0,0,0
01,0,0,0,0,0,0,10,2,0,0,0,0
01,0,0,0,0,0,0,13,2,0,0,0,0
01,0,0,0,0,0,0,14,1,0,0,0,0
01,0,0,0,0,0,0,15,2,0,0,0,0
01,0,0,0,0,0,0,16,2,0,0,0,0
01,0,0,0,0,0,0,17,1,0,0,0,0
01,0,0,0,0,0,0,18,3,0,0,0,0
01,0,0,0,0,0,0,19,3,0,0,0,0
01,0,0,0,0,0,0,20,3,0,0,0,0
01,0,0,0,0,0,0,21,3,0,0,0,0
01,0,0,0,0,0,0,22,3,0,0,0,0
01,0,0,0,0,0,0,23,5,0,0,0,0
01,0,0,0,0,0,0,24,7,0,0,0,0
01,0,0,0,0,0,0,25,9,0,0,0,0
01,0,0,0,0,0,0,26,5,0,0,0,0
01,0,0,0,0,0,0,27,10,0,0,0,0
01,0,0,0,0,0,0,28,4,0,0,0,0
01,0,0,0,0,0,0,29,4,0,0,0,0
01,0,0,0,0,0,0,30,13,0,0,0,0
01,0,0,0,0,0,0,31,8,0,0,0,0
01,0,0,0,0,0,0,32,10,0,0,0,0
01,0,0,0,0,0,0,33,9,0,0,0,0
01,0,0,0,0,0,0,34,6,0,0,0,0
01,0,0,0,0,0,0,35,11,0,0,0,0
01,0,0,0,0,0,0,36,6,0,0,0,0
01,0,0,0,0,0,0,37,9,0,0,0,0
01,0,0,0,0,0,0,38,11,0,0,0,0
01,0,0,0,0,0,0,39,6,0,0,0,0
01,0,0,0,0,0,0,40,8,0,0,0,0
01,0,0,0,0,0,0,41,10,0,0,0,0
01,0,0,0,0,0,0,42,9,0,0,0,0
01,0,0,0,0,0,0,43,8,0,0,0,0
01,0,0,0,0,0,0,44,11,0,0,0,0
01,0,0,0,0,0,0,45,8,0,0,0,0
01,0,0,0,0,0,0,46,8,0,0,0,0
01,0,0,0,0,0,0,47,7,0,0,0,0
01,0,0,0,0,0,0,48,2,0,0,0,0
01,0,0,0,0,0,0,49,5,0,0,0,0
01,0,0,0,0,0,0,50,5,0,0,0,0
01,0,0,0,0,0,0,52,3,0,0,0,0
01,0,0,0,0,0,0,53,4,0,0,0,0
01,0,0,0,0,0,0,54,2,0,0,0,0
01,0,0,0,0,0,0,56,1,0,0,0,0
01,0,0,0,0,0,0,57,1,0,0,0,0
02,0,0,0,0,0,0,10,1,0,0,0,0
02,0,0,0,0,0,0,11,1,0,0,0,0
02,0,0,0,0,0,0,13,1,0,0,0,0
02,0,0,0,0,0,0,14,4,0,0,0,0
02,0,0,0,0,0,0,15,2,0,0,0,0
02,0,0,0,0,0,0,16,3,0,0,0,0
02,0,0,0,0,0,0,17,3,0,0,0,0
02,0,0,0,0,0,0,18,5,0,0,0,0
02,0,0,0,0,0,0,19,5,0,0,0,0
02,0,0,0,0,0,0,20,2,0,0,0,0
02,0,0,0,0,0,0,21,8,0,0,0,0
02,0,0,0,0,0,0,22,2,0,0,0,0
02,0,0,0,0,0,0,23,1,0,0,0,0
02,0,0,0,0,0,0,24,5,0,0,0,0
02,0,0,0,0,0,0,25,5,0,0,0,0
02,0,0,0,0,0,0,26,5,0,0,0,0
02,0,0,0,0,0,0,27,8,0,0,0,0
02,0,0,0,0,0,0,28,5,0,0,0,0
02,0,0,0,0,0,0,29,6,0,0,0,0
02,0,0,0,0,0,0,30,8,0,0,0,0
02,0,0,0,0,0,0,31,7,0,0,0,0
02,0,0,0,0,0,0,32,8,0,0,0,0
02,0,0,0,0,0,0,33,8,0,0,0,0
02,0,0,0,0,0,0,34,7,0,0,0,0
02,0,0,0,0,0,0,35,11,0,0,0,0
02,0,0,0,0,0,0,36,9,0,0,0,0
02,0,0,0,0,0,0,37,6,0,0,0,0
02,0,0,0,0,0,0,38,5,0,0,0,0
02,0,0,0,0,0,0,39,4,0,0,0,0
02,0,0,0,0,0,0,40,6,0,0,0,0
02,0,0,0,0,0,0,41,10,0,0,0,0
02,0,0,0,0,0,0,42,5,0,0,0,0
02,0,0,0,0,0,0,43,7,0,0,0,0
02,0,0,0,0,0,0,44,11,0,0,0,0
02,0,0,0,0,0,0,45,9,0,0,0,0
02,0,0,0,0,0,0,46,13,0,0,0,0
02,0,0,0,0,0,0,47,5,0,0,0,0
02,0,0,0,0,0,0,48,2,0,0,0,0
02,0,0,0,0,0,0,49,2,0,0,0,0
02,0,0,0,0,0,0,50,2,0,0,0,0
02,0,0,0,0,0,0,52,2,0,0,0,0
02,0,0,0,0,0,0,53,2,0,0,0,0
02,0,0,0,0,0,0,54,7,0,0,0,0
02,0,0,0,0,0,0,55,4,0,0,0,0
02,0,0,0,0,0,0,56,1,0,0,0,0
02,0,0,0,0,0,0,57,1,0,0,0,0
03,0,0,0,0,0,0,8,1,0,0,0,0
03,0,0,0,0,0,0,9,1,0,0,0,0
03,0,0,0,0,0,0,11,2,0,0,0,0
03,0,0,0,0,0,0,12,2,0,0,0,0
03,0,0,0,0,0,0,14,1,0,0,0,0
03,0,0,0,0,0,0,15,1,0,0,0,0
03,0,0,0,0,0,0,16,1,0,0,0,0
03,0,0,0,0,0,0,17,6,0,0,0,0
03,0,0,0,0,0,0,18,5,0,0,0,0
03,0,0,0,0,0,0,19,4,0,0,0,0
03,0,0,0,0,0,0,20,3,0,0,0,0
03,0,0,0,0,0,0,21,6,0,0,0,0
03,0,0,0,0,0,0,22,3,0,0,0,0
03,0,0,0,0,0,0,23,4,0,0,0,0
03,0,0,0,0,0,0,24,4,0,0,0,0
03,0,0,0,0,0,0,25,5,0,0,0,0
03,0,0,0,0,0,0,26,6,0,0,0,0
03,0,0,0,0,0,0,27,7,0,0,0,0
03,0,0,0,0,0,0,28,7,0,0,0,0
03,0,0,0,0,0,0,29,7,0,0,0,0
03,0,0,0,0,0,0,30,8,0,0,0,0
03,0,0,0,0,0,0,31,9,0,0,0,0
03,0,0,0,0,0,0,32,13,0,0,0,0
03,0,0,0,0,0,0,33,8,0,0,0,0
03,0,0,0,0,0,0,34,12,0,0,0,0
03,0,0,0,0,0,0,35,13,0,0,0,0
03,0,0,0,0,0,0,36,5,0,0,0,0
03,0,0,0,0,0,0,37,7,0,0,0,0
03,0,0,0,0,0,0,38,4,0,0,0,0
03,0,0,0,0,0,0,39,9,0,0,0,0
03,0,0,0,0,0,0,40,8,0,0,0,0
03,0,0,0,0,0,0,41,10,0,0,0,0
03,0,0,0,0,0,0,42,5,0,0,0,0
03,0,0,0,0,0,0,43,7,0,0,0,0
03,0,0,0,0,0,0,44,7,0,0,0,0
03,0,0,0,0,0,0,45,6,0,0,0,0
03,0,0,0,0,0,0,46,12,0,0,0,0
03,0,0,0,0,0,0,47,5,0,0,0,0
03,0,0,0,0,0,0,48,8,0,0,0,0
03,0,0,0,0,0,0,49,6,0,0,0,0
03,0,0,0,0,0,0,50,4,0,0,0,0
03,0,0,0,0,0,0,51,5,0,0,0,0
03,0,0,0,0,0,0,52,7,0,0,0,0
03,0,0,0,0,0,0,53,2,0,0,0,0
03,0,0,0,0,0,0,54,4,0,0,0,0
03,0,0,0,0,0,0,57,1,0,0,0,0
04,0,0,0,0,0,0,12,1,0,0,0,0
04,0,0,0,0,0,0,13,1,0,0,0,0
04,0,0,0,0,0,0,15,1,0,0,0,0
04,0,0,0,0,0,0,16,3,0,0,0,0
04,0,0,0,0,0,0,17,3,0,0,0,0
04,0,0,0,0,0,0,18,2,0,0,0,0
04,0,0,0,0,0,0,19,7,0,0,0,0
04,0,0,0,0,0,0,20,3,0,0,0,0
04,0,0,0,0,0,0,21,3,0,0,0,0
04,0,0,0,0,0,0,22,6,0,0,0,0
04,0,0,0,0,0,0,23,6,0,0,0,0
04,0,0,0,0,0,0,24,5,0,0,0,0
04,0,0,0,0,0,0,25,7,0,0,0,0
04,0,0,0,0,0,0,26,5,0,0,0,0
04,0,0,0,0,0,0,27,6,0,0,0,0
04,0,0,0,0,0,0,28,6,0,0,0,0
04,0,0,0,0,0,0,29,6,0,0,0,0
04,0,0,0,0,0,0,30,11,0,0,0,0
04,0,0,0,0,0,0,31,9,0,0,0,0
04,0,0,0,0,0,0,32,3,0,0,0,0
04,0,0,0,0,0,0,33,10,0,0,0,0
04,0,0,0,0,0,0,34,10,0,0,0,0
04,0,0,0,0,0,0,35,9,0,0,0,0
04,0,0,0,0,0,0,36,10,0,0,0,0
04,0,0,0,0,0,0,37,9,0,0,0,0
04,0,0,0,0,0,0,38,12,0,0,0,0
04,0,0,0,0,0,0,39,11,0,0,0,0
04,0,0,0,0,0,0,40,8,0,0,0,0
04,0,0,0,0,0,0,41,7,0,0,0,0
04,0,0,0,0,0,0,42,11,0,0,0,0
04,0,0,0,0,0,0,43,5,0,0,0,0
04,0,0,0,0,0,0,44,4,0,0,0,0
04,0,0,0,0,0,0,45,8,0,0,0,0
04,0,0,0,0,0,0,46,10,0,0,0,0
04,0,0,0,0,0,0,47,7,0,0,0,0
04,0,0,0,0,0,0,48,6,0,0,0,0
04,0,0,0,0,0,0,49,5,0,0,0,0
04,0,0,0,0,0,0,50,3,0,0,0,0
04,0,0,0,0,0,0,51,4,0,0,0,0
04,0,0,0,0,0,0,52,4,0,0,0,0
04,0,0,0,0,0,0,53,2,0,0,0,0
04,0,0,0,0,0,0,54,1,0,0,0,0
04,0,0,0,0,0,0,55,2,0,0,0,0
04,0,0,0,0,0,0,57,1,0,0,0,0
04,0,0,0,0,0,0,58,1,0,0,0,0
05,0,0,0,0,0,0,10,1,0,0,0,0
05,0,0,0,0,0,0,11,1,0,0,0,0
05,0,0,0,0,0,0,14,1,0,0,0,0
05,0,0,0,0,0,0,15,2,0,0,0,0
05,0,0,0,0,0,0,16,1,0,0,0,0
05,0,0,0,0,0,0,17,4,0,0,0,0
05,0,0,0,0,0,0,18,5,0,0,0,0
05,0,0,0,0,0,0,19,7,0,0,0,0
05,0,0,0,0,0,0,20,6,0,0,0,0
05,0,0,0,0,0,0,21,1,0,0,0,0
05,0,0,0,0,0,0,22,3,0,0,0,0
05,0,0,0,0,0,0,23,5,0,0,0,0
05,0,0,0,0,0,0,24,3,0,0,0,0
05,0,0,0,0,0,0,25,10,0,0,0,0
05,0,0,0,0,0,0,26,3,0,0,0,0
05,0,0,0,0,0,0,27,8,0,0,0,0
05,0,0,0,0,0,0,28,10,0,0,0,0
05,0,0,0,0,0,0,29,10,0,0,0,0
05,0,0,0,0,0,0,30,7,0,0,0,0
05,0,0,0,0,0,0,31,8,0,0,0,0
05,0,0,0,0,0,0,32,7,0,0,0,0
05,0,0,0,0,0,0,33,11,0,0,0,0
05,0,0,0,0,0,0,34,7,0,0,0,0
05,0,0,0,0,0,0,35,13,0,0,0,0
05,0,0,0,0,0,0,36,10,0,0,0,0
05,0,0,0,0,0,0,37,14,0,0,0,0
05,0,0,0,0,0,0,38,7,0,0,0,0
05,0,0,0,0,0,0,39,10,0,0,0,0
05,0,0,0,0,0,0,40,9,0,0,0,0
05,0,0,0,0,0,0,41,9,0,0,0,0
05,0,0,0,0,0,0,42,5,0,0,0,0
05,0,0,0,0,0,0,43,6,0,0,0,0
05,0,0,0,0,0,0,44,9,0,0,0,0
05,0,0,0,0,0,0,45,4,0,0,0,0
05,0,0,0,0,0,0,46,4,0,0,0,0
05,0,0,0,0,0,0,47,7,0,0,0,0
05,0,0,0,0,0,0,48,2,0,0,0,0
05,0,0,0,0,0,0,49,3,0,0,0,0
05,0,0,0,0,0,0,50,5,0,0,0,0
05,0,0,0,0,0,0,51,2,0,0,0,0
05,0,0,0,0,0,0,52,2,0,0,0,0
05,0,0,0,0,0,0,53,2,0,0,0,0
05,0,0,0,0,0,0,54,4,0,0,0,0
05,0,0,0,0,0,0,55,1,0,0,0,0
05,0,0,0,0,0,0,56,1,0,0,0,0
05,0,0,0,0,0,0,57,1,0,0,0,0
06,0,0,0,0,0,0,9,2,0,0,0,0
06,0,0,0,0,0,0,10,1,0,0,0,0
06,0,0,0,0,0,0,13,3,0,0,0,0
06,0,0,0,0,0,0,15,3,0,0,0,0
06,0,0,0,0,0,0,17,2,0,0,0,0
06,0,0,0,0,0,0,18,1,0,0,0,0
06,0,0,0,0,0,0,19,2,0,0,0,0
06,0,0,0,0,0,0,20,4,0,0,0,0
06,0,0,0,0,0,0,21,3,0,0,0,0
06,0,0,0,0,0,0,22,7,0,0,0,0
06,0,0,0,0,0,0,23,4,0,0,0,0
06,0,0,0,0,0,0,24,7,0,0,0,0
06,0,0,0,0,0,0,25,5,0,0,0,0
06,0,0,0,0,0,0,26,6,0,0,0,0
06,0,0,0,0,0,0,27,6,0,0,0,0
06,0,0,0,0,0,0,28,6,0,0,0,0
06,0,0,0,0,0,0,29,11,0,0,0,0
06,0,0,0,0,0,0,30,9,0,0,0,0
06,0,0,0,0,0,0,31,4,0,0,0,0
06,0,0,0,0,0,0,32,6,0,0,0,0
06,0,0,0,0,0,0,33,9,0,0,0,0
06,0,0,0,0,0,0,34,12,0,0,0,0
06,0,0,0,0,0,0,35,12,0,0,0,0
06,0,0,0,0,0,0,36,4,0,0,0,0
06,0,0,0,0,0,0,37,11,0,0,0,0
06,0,0,0,0,0,0,38,12,0,0,0,0
06,0,0,0,0,0,0,39,7,0,0,0,0
06,0,0,0,0,0,0,40,17,0,0,0,0
06,0,0,0,0,0,0,41,9,0,0,0,0
06,0,0,0,0,0,0,42,4,0,0,0,0
06,0,0,0,0,0,0,43,11,0,0,0,0
06,0,0,0,0,0,0,44,3,0,0,0,0
06,0,0,0,0,0,0,45,3,0,0,0,0
06,0,0,0,0,0,0,46,5,0,0,0,0
06,0,0,0,0,0,0,47,5,0,0,0,0
06,0,0,0,0,0,0,48,6,0,0,0,0
06,0,0,0,0,0,0,49,2,0,0,0,0
06,0,0,0,0,0,0,50,3,0,0,0,0
06,0,0,0,0,0,0,51,5,0,0,0,0
06,0,0,0,0,0,0,52,2,0,0,0,0
06,0,0,0,0,0,0,53,3,0,0,0,0
06,0,0,0,0,0,0,54,2,0,0,0,0
06,0,0,0,0,0,0,56,2,0,0,0,0
06,0,0,0,0,0,0,57,1,0,0,0,0
07,0,0,0,0,0,0,11,1,0,0,0,0
07,0,0,0,0,0,0,13,1,0,0,0,0
07,0,0,0,0,0,0,14,4,0,0,0,0
07,0,0,0,0,0,0,16,1,0,0,0,0
07,0,0,0,0,0,0,17,1,0,0,0,0
07,0,0,0,0,0,0,18,2,0,0,0,0
07,0,0,0,0,0,0,19,2,0,0,0,0
07,0,0,0,0,0,0,20,6,0,0,0,0
07,0,0,0,0,0,0,21,3,0,0,0,0
07,0,0,0,0,0,0,22,3,0,0,0,0
07,0,0,0,0,0,0,23,4,0,0,0,0
07,0,0,0,0,0,0,24,10,0,0,0,0
07,0,0,0,0,0,0,25,6,0,0,0,0
07,0,0,0,0,0,0,26,5,0,0,0,0
07,0,0,0,0,0,0,27,8,0,0,0,0
07,0,0,0,0,0,0,28,7,0,0,0,0
07,0,0,0,0,0,0,29,4,0,0,0,0
07,0,0,0,0,0,0,30,5,0,0,0,0
07,0,0,0,0,0,0,31,5,0,0,0,0
07,0,0,0,0,0,0,32,11,0,0,0,0
07,0,0,0,0,0,0,33,7,0,0,0,0
07,0,0,0,0,0,0,34,8,0,0,0,0
07,0,0,0,0,0,0,35,9,0,0,0,0
07,0,0,0,0,0,0,36,13,0,0,0,0
07,0,0,0,0,0,0,37,12,0,0,0,0
07,0,0,0,0,0,0,38,12,0,0,0,0
07,0,0,0,0,0,0,39,9,0,0,0,0
07,0,0,0,0,0,0,40,5,0,0,0,0
07,0,0,0,0,0,0,41,7,0,0,0,0
07,0,0,0,0,0,0,42,13,0,0,0,0
07,0,0,0,0,0,0,43,12,0,0,0,0
07,0,0,0,0,0,0,44,12,0,0,0,0
07,0,0,0,0,0,0,45,5,0,0,0,0
07,0,0,0,0,0,0,46,9,0,0,0,0
07,0,0,0,0,0,0,47,5,0,0,0,0
07,0,0,0,0,0,0,48,2,0,0,0,0
07,0,0,0,0,0,0,49,5,0,0,0,0
07,0,0,0,0,0,0,50,6,0,0,0,0
07,0,0,0,0,0,0,51,4,0,0,0,0
07,0,0,0,0,0,0,52,3,0,0,0,0
07,0,0,0,0,0,0,53,6,0,0,0,0
07,0,0,0,0,0,0,55,1,0,0,0,0
07,0,0,0,0,0,0,56,2,0,0,0,0
08,0,0,0,0,0,0,8,1,0,0,0,0
08,0,0,0,0,0,0,12,3,0,0,0,0
08,0,0,0,0,0,0,13,1,0,0,0,0
08,0,0,0,0,0,0,14,1,0,0,0,0
08,0,0,0,0,0,0,16,5,0,0,0,0
08,0,0,0,0,0,0,17,1,0,0,0,0
08,0,0,0,0,0,0,18,5,0,0,0,0
08,0,0,0,0,0,0,19,1,0,0,0,0
08,0,0,0,0,0,0,20,1,0,0,0,0
08,0,0,0,0,0,0,21,7,0,0,0,0
08,0,0,0,0,0,0,22,5,0,0,0,0
08,0,0,0,0,0,0,23,3,0,0,0,0
08,0,0,0,0,0,0,24,5,0,0,0,0
08,0,0,0,0,0,0,25,3,0,0,0,0
08,0,0,0,0,0,0,26,8,0,0,0,0
08,0,0,0,0,0,0,27,3,0,0,0,0
08,0,0,0,0,0,0,28,6,0,0,0,0
08,0,0,0,0,0,0,29,7,0,0,0,0
08,0,0,0,0,0,0,30,12,0,0,0,0
08,0,0,0,0,0,0,31,5,0,0,0,0
08,0,0,0,0,0,0,32,9,0,0,0,0
08,0,0,0,0,0,0,33,10,0,0,0,0
08,0,0,0,0,0,0,34,10,0,0,0,0
08,0,0,0,0,0,0,35,17,0,0,0,0
08,0,0,0,0,0,0,36,9,0,0,0,0
08,0,0,0,0,0,0,37,11,0,0,0,0
08,0,0,0,0,0,0,38,8,0,0,0,0
08,0,0,0,0,0,0,39,19,0,0,0,0
08,0,0,0,0,0,0,40,7,0,0,0,0
08,0,0,0,0,0,0,41,11,0,0,0,0
08,0,0,0,0,0,0,42,8,0,0,0,0
08,0,0,0,0,0,0,43,11,0,0,0,0
08,0,0,0,0,0,0,44,9,0,0,0,0
08,0,0,0,0,0,0,45,4,0,0,0,0
08,0,0,0,0,0,0,46,8,0,0,0,0
08,0,0,0,0,0,0,47,8,0,0,0,0
08,0,0,0,0,0,0,48,3,0,0,0,0
08,0,0,0,0,0,0,49,4,0,0,0,0
08,0,0,0,0,0,0,50,5,0,0,0,0
08,0,0,0,0,0,0,51,5,0,0,0,0
08,0,0,0,0,0,0,52,3,0,0,0,0
08,0,0,0,0,0,0,53,1,0,0,0,0
08,0,0,0,0,0,0,54,1,0,0,0,0
08,0,0,0,0,0,0,55,2,0,0,0,0
08,0,0,0,0,0,0,57,1,0,0,0,0
09,0,0,0,0,0,0,10,1,0,0,0,0
09,0,0,0,0,0,0,11,1,0,0,0,0
09,0,0,0,0,0,0,12,1,0,0,0,0
09,0,0,0,0,0,0,13,1,0,0,0,0
09,0,0,0,0,0,0,14,3,0,0,0,0
09,0,0,0,0,0,0,15,2,0,0,0,0
09,0,0,0,0,0,0,16,4,0,0,0,0
09,0,0,0,0,0,0,17,2,0,0,0,0
09,0,0,0,0,0,0,18,1,0,0,0,0
09,0,0,0,0,0,0,19,2,0,0,0,0
09,0,0,0,0,0,0,20,2,0,0,0,0
09,0,0,0,0,0,0,21,3,0,0,0,0
09,0,0,0,0,0,0,22,5,0,0,0,0
09,0,0,0,0,0,0,23,3,0,0,0,0
09,0,0,0,0,0,0,24,9,0,0,0,0
09,0,0,0,0,0,0,25,5,0,0,0,0
09,0,0,0,0,0,0,26,2,0,0,0,0
09,0,0,0,0,0,0,27,7,0,0,0,0
09,0,0,0,0,0,0,28,6,0,0,0,0
09,0,0,0,0,0,0,29,11,0,0,0,0
09,0,0,0,0,0,0,30,4,0,0,0,0
09,0,0,0,0,0,0,31,8,0,0,0,0
09,0,0,0,0,0,0,32,11,0,0,0,0
09,0,0,0,0,0,0,33,13,0,0,0,0
09,0,0,0,0,0,0,34,15,0,0,0,0
09,0,0,0,0,0,0,35,8,0,0,0,0
09,0,0,0,0,0,0,36,15,0,0,0,0
09,0,0,0,0,0,0,37,13,0,0,0,0
09,0,0,0,0,0,0,38,10,0,0,0,0
09,0,0,0,0,0,0,39,5,0,0,0,0
09,0,0,0,0,0,0,40,12,0,0,0,0
09,0,0,0,0,0,0,41,10,0,0,0,0
09,0,0,0,0,0,0,42,6,0,0,0,0
09,0,0,0,0,0,0,43,8,0,0,0,0
09,0,0,0,0,0,0,44,9,0,0,0,0
09,0,0,0,0,0,0,45,1,0,0,0,0
09,0,0,0,0,0,0,46,5,0,0,0,0
09,0,0,0,0,0,0,47,9,0,0,0,0
09,0,0,0,0,0,0,48,1,0,0,0,0
09,0,0,0,0,0,0,49,3,0,0,0,0
09,0,0,0,0,0,0,50,1,0,0,0,0
09,0,0,0,0,0,0,51,2,0,0,0,0
09,0,0,0,0,0,0,52,3,0,0,0,0
09,0,0,0,0,0,0,53,4,0,0,0,0
09,0,0,0,0,0,0,54,3,0,0,0,0
09,0,0,0,0,0,0,56,1,0,0,0,0
10,0,0,0,0,0,0,11,1,0,0,0,0
10,0,0,0,0,0,0,12,1,0,0,0,0
10,0,0,0,0,0,0,13,1,0,0,0,0
10,0,0,0,0,0,0,14,1,0,0,0,0
10,0,0,0,0,0,0,15,1,0,0,0,0
10,0,0,0,0,0,0,17,3,0,0,0,0
10,0,0,0,0,0,0,18,3,0,0,0,0
10,0,0,0,0,0,0,19,3,0,0,0,0
10,0,0,0,0,0,0,20,5,0,0,0,0
10,0,0,0,0,0,0,21,2,0,0,0,0
10,0,0,0,0,0,0,22,5,0,0,0,0
10,0,0,0,0,0,0,23,6,0,0,0,0
10,0,0,0,0,0,0,24,6,0,0,0,0
10,0,0,0,0,0,0,25,6,0,0,0,0
10,0,0,0,0,0,0,26,10,0,0,0,0
10,0,0,0,0,0,0,27,9,0,0,0,0
10,0,0,0,0,0,0,28,7,0,0,0,0
10,0,0,0,0,0,0,29,7,0,0,0,0
10,0,0,0,0,0,0,30,7,0,0,0,0
10,0,0,0,0,0,0,31,8,0,0,0,0
10,0,0,0,0,0,0,32,10,0,0,0,0
10,0,0,0,0,0,0,33,10,0,0,0,0
10,0,0,0,0,0,0,34,9,0,0,0,0
10,0,0,0,0,0,0,35,7,0,0,0,0
10,0,0,0,0,0,0,36,6,0,0,0,0
10,0,0,0,0,0,0,37,14,0,0,0,0
10,0,0,0,0,0,0,38,16,0,0,0,0
10,0,0,0,0,0,0,39,12,0,0,0,0
10,0,0,0,0,0,0,40,8,0,0,0,0
10,0,0,0,0,0,0,41,12,0,0,0,0
10,0,0,0,0,0,0,42,9,0,0,0,0
10,0,0,0,0,0,0,43,7,0,0,0,0
10,0,0,0,0,0,0,44,10,0,0,0,0
10,0,0,0,0,0,0,45,5,0,0,0,0
10,0,0,0,0,0,0,46,6,0,0,0,0
10,0,0,0,0,0,0,47,6,0,0,0,0
10,0,0,0,0,0,0,48,4,0,0,0,0
10,0,0,0,0,0,0,49,6,0,0,0,0
10,0,0,0,0,0,0,50,3,0,0,0,0
10,0,0,0,0,0,0,52,1,0,0,0,0
10,0,0,0,0,0,0,53,2,0,0,0,0
10,0,0,0,0,0,0,54,1,0,0,0,0
10,0,0,0,0,0,0,55,1,0,0,0,0
10,0,0,0,0,0,0,56,2,0,0,0,0
10,0,0,0,0,0,0,58,1,0,0,0,0
11,0,0,0,0,0,0,7,1,0,0,0,0
11,0,0,0,0,0,0,10,1,0,0,0,0
11,0,0,0,0,0,0,13,3,0,0,0,0
11,0,0,0,0,0,0,14,1,0,0,0,0
11,0,0,0,0,0,0,15,3,0,0,0,0
11,0,0,0,0,0,0,16,2,0,0,0,0
11,0,0,0,0,0,0,18,3,0,0,0,0
11,0,0,0,0,0,0,19,2,0,0,0,0
11,0,0,0,0,0,0,20,5,0,0,0,0
11,0,0,0,0,0,0,21,4,0,0,0,0
11,0,0,0,0,0,0,22,3,0,0,0,0
11,0,0,0,0,0,0,23,2,0,0,0,0
11,0,0,0,0,0,0,24,5,0,0,0,0
11,0,0,0,0,0,0,25,7,0,0,0,0
11,0,0,0,0,0,0,26,4,0,0,0,0
11,0,0,0,0,0,0,27,7,0,0,0,0
11,0,0,0,0,0,0,28,7,0,0,0,0
11,0,0,0,0,0,0,29,7,0,0,0,0
11,0,0,0,0,0,0,30,5,0,0,0,0
11,0,0,0,0,0,0,31,3,0,0,0,0
11,0,0,0,0,0,0,32,11,0,0,0,0
11,0,0,0,0,0,0,33,15,0,0,0,0
11,0,0,0,0,0,0,34,11,0,0,0,0
11,0,0,0,0,0,0,35,8,0,0,0,0
11,0,0,0,0,0,0,36,8,0,0,0,0
11,0,0,0,0,0,0,37,15,0,0,0,0
11,0,0,0,0,0,0,38,9,0,0,0,0
11,0,0,0,0,0,0,39,9,0,0,0,0
11,0,0,0,0,0,0,40,10,0,0,0,0
11,0,0,0,0,0,0,41,13,0,0,0,0
11,0,0,0,0,0,0,42,6,0,0,0,0
11,0,0,0,0,0,0,43,9,0,0,0,0
11,0,0,0,0,0,0,44,7,0,0,0,0
11,0,0,0,0,0,0,45,8,0,0,0,0
11,0,0,0,0,0,0,46,8,0,0,0,0
11,0,0,0,0,0,0,47,3,0,0,0,0
11,0,0,0,0,0,0,48,2,0,0,0,0
11,0,0,0,0,0,0,49,2,0,0,0,0
11,0,0,0,0,0,0,50,4,0,0,0,0
11,0,0,0,0,0,0,51,3,0,0,0,0
11,0,0,0,0,0,0,52,4,0,0,0,0
11,0,0,0,0,0,0,53,2,0,0,0,0
11,0,0,0,0,0,0,54,2,0,0,0,0
11,0,0,0,0,0,0,55,1,0,0,0,0
11,0,0,0,0,0,0,57,1,0,0,0,0
12,0,0,0,0,0,0,10,1,0,0,0,0
12,0,0,0,0,0,0,12,1,0,0,0,0
12,0,0,0,0,0,0,16,1,0,0,0,0
12,0,0,0,0,0,0,17,2,0,0,0,0
12,0,0,0,0,0,0,18,3,0,0,0,0
12,0,0,0,0,0,0,19,3,0,0,0,0
12,0,0,0,0,0,0,20,4,0,0,0,0
12,0,0,0,0,0,0,21,4,0,0,0,0
12,0,0,0,0,0,0,22,5,0,0,0,0
12,0,0,0,0,0,0,23,5,0,0,0,0
12,0,0,0,0,0,0,24,5,0,0,0,0
12,0,0,0,0,0,0,25,9,0,0,0,0
12,0,0,0,0,0,0,26,4,0,0,0,0
12,0,0,0,0,0,0,27,4,0,0,0,0
12,0,0,0,0,0,0,28,5,0,0,0,0
12,0,0,0,0,0,0,29,7,0,0,0,0
12,0,0,0,0,0,0,30,8,0,0,0,0
12,0,0,0,0,0,0,31,9,0,0,0,0
12,0,0,0,0,0,0,32,11,0,0,0,0
12,0,0,0,0,0,0,33,9,0,0,0,0
12,0,0,0,0,0,0,34,12,0,0,0,0
12,0,0,0,0,0,0,35,6,0,0,0,0
12,0,0,0,0,0,0,36,10,0,0,0,0
12,0,0,0,0,0,0,37,6,0,0,0,0
12,0,0,0,0,0,0,38,9,0,0,0,0
12,0,0,0,0,0,0,39,12,0,0,0,0
12,0,0,0,0,0,0,40,7,0,0,0,0
12,0,0,0,0,0,0,41,9,0,0,0,0
12,0,0,0,0,0,0,42,10,0,0,0,0
12,0,0,0,0,0,0,43,5,0,0,0,0
12,0,0,0,0,0,0,44,6,0,0,0,0
12,0,0,0,0,0,0,45,3,0,0,0,0
12,0,0,0,0,0,0,46,8,0,0,0,0
12,0,0,0,0,0,0,47,6,0,0,0,0
12,0,0,0,0,0,0,48,4,0,0,0,0
12,0,0,0,0,0,0,49,3,0,0,0,0
12,0,0,0,0,0,0,50,5,0,0,0,0
12,0,0,0,0,0,0,51,5,0,0,0,0
12,0,0,0,0,0,0,52,3,0,0,0,0
12,0,0,0,0,0,0,54,1,0,0,0,0
12,0,0,0,0,0,0,55,2,0,0,0,0
01,0,0,0,0,0,0,0,0,15,1,0,0
01,0,0,0,0,0,0,0,0,17,1,0,0
01,0,0,0,0,0,0,0,0,20,1,0,0
01,0,0,0,0,0,0,0,0,21,2,0,0
01,0,0,0,0,0,0,0,0,22,1,0,0
01,0,0,0,0,0,0,0,0,23,2,0,0
01,0,0,0,0,0,0,0,0,25,3,0,0
01,0,0,0,0,0,0,0,0,27,1,0,0
01,0,0,0,0,0,0,0,0,28,2,0,0
01,0,0,0,0,0,0,0,0,30,3,0,0
01,0,0,0,0,0,0,0,0,31,3,0,0
01,0,0,0,0,0,0,0,0,32,5,0,0
01,0,0,0,0,0,0,0,0,33,5,0,0
01,0,0,0,0,0,0,0,0,34,8,0,0
01,0,0,0,0,0,0,0,0,35,9,0,0
01,0,0,0,0,0,0,0,0,36,7,0,0
01,0,0,0,0,0,0,0,0,37,5,0,0
01,0,0,0,0,0,0,0,0,38,5,0,0
01,0,0,0,0,0,0,0,0,39,8,0,0
01,0,0,0,0,0,0,0,0,40,5,0,0
01,0,0,0,0,0,0,0,0,41,5,0,0
01,0,0,0,0,0,0,0,0,42,16,0,0
01,0,0,0,0,0,0,0,0,43,8,0,0
01,0,0,0,0,0,0,0,0,44,15,0,0
01,0,0,0,0,0,0,0,0,45,6,0,0
01,0,0,0,0,0,0,0,0,46,16,0,0
01,0,0,0,0,0,0,0,0,47,9,0,0
01,0,0,0,0,0,0,0,0,48,13,0,0
01,0,0,0,0,0,0,0,0,49,9,0,0
01,0,0,0,0,0,0,0,0,50,8,0,0
01,0,0,0,0,0,0,0,0,51,12,0,0
01,0,0,0,0,0,0,0,0,52,15,0,0
01,0,0,0,0,0,0,0,0,53,12,0,0
01,0,0,0,0,0,0,0,0,54,7,0,0
01,0,0,0,0,0,0,0,0,55,7,0,0
01,0,0,0,0,0,0,0,0,56,5,0,0
01,0,0,0,0,0,0,0,0,57,5,0,0
01,0,0,0,0,0,0,0,0,58,4,0,0
01,0,0,0,0,0,0,0,0,59,1,0,0
02,0,0,0,0,0,0,0,0,14,1,0,0
02,0,0,0,0,0,0,0,0,17,1,0,0
02,0,0,0,0,0,0,0,0,18,1,0,0
02,0,0,0,0,0,0,0,0,20,1,0,0
02,0,0,0,0,0,0,0,0,21,2,0,0
02,0,0,0,0,0,0,0,0,24,1,0,0
02,0,0,0,0,0,0,0,0,25,3,0,0
02,0,0,0,0,0,0,0,0,26,2,0,0
02,0,0,0,0,0,0,0,0,27,2,0,0
02,0,0,0,0,0,0,0,0,28,5,0,0
02,0,0,0,0,0,0,0,0,29,1,0,0
02,0,0,0,0,0,0,0,0,30,4,0,0
02,0,0,0,0,0,0,0,0,31,1,0,0
02,0,0,0,0,0,0,0,0,32,1,0,0
02,0,0,0,0,0,0,0,0,33,4,0,0
02,0,0,0,0,0,0,0,0,34,4,0,0
02,0,0,0,0,0,0,0,0,35,3,0,0
02,0,0,0,0,0,0,0,0,36,6,0,0
02,0,0,0,0,0,0,0,0,37,9,0,0
02,0,0,0,0,0,0,0,0,38,9,0,0
02,0,0,0,0,0,0,0,0,39,6,0,0
02,0,0,0,0,0,0,0,0,40,5,0,0
02,0,0,0,0,0,0,0,0,41,5,0,0
02,0,0,0,0,0,0,0,0,42,11,0,0
02,0,0,0,0,0,0,0,0,43,11,0,0
02,0,0,0,0,0,0,0,0,44,10,0,0
02,0,0,0,0,0,0,0,0,45,11,0,0
02,0,0,0,0,0,0,0,0,46,14,0,0
02,0,0,0,0,0,0,0,0,47,8,0,0
02,0,0,0,0,0,0,0,0,48,9,0,0
02,0,0,0,0,0,0,0,0,49,6,0,0
02,0,0,0,0,0,0,0,0,50,2,0,0
02,0,0,0,0,0,0,0,0,51,16,0,0
02,0,0,0,0,0,0,0,0,52,11,0,0
02,0,0,0,0,0,0,0,0,53,8,0,0
02,0,0,0,0,0,0,0,0,54,9,0,0
02,0,0,0,0,0,0,0,0,55,5,0,0
02,0,0,0,0,0,0,0,0,56,8,0,0
02,0,0,0,0,0,0,0,0,57,8,0,0
02,0,0,0,0,0,0,0,0,58,8,0,0
02,0,0,0,0,0,0,0,0,59,2,0,0
03,0,0,0,0,0,0,0,0,11,1,0,0
03,0,0,0,0,0,0,0,0,17,1,0,0
03,0,0,0,0,0,0,0,0,20,2,0,0
03,0,0,0,0,0,0,0,0,23,2,0,0
03,0,0,0,0,0,0,0,0,24,2,0,0
03,0,0,0,0,0,0,0,0,25,3,0,0
03,0,0,0,0,0,0,0,0,27,5,0,0
03,0,0,0,0,0,0,0,0,28,2,0,0
03,0,0,0,0,0,0,0,0,30,5,0,0
03,0,0,0,0,0,0,0,0,31,6,0,0
03,0,0,0,0,0,0,0,0,32,4,0,0
03,0,0,0,0,0,0,0,0,33,7,0,0
03,0,0,0,0,0,0,0,0,34,4,0,0
03,0,0,0,0,0,0,0,0,35,9,0,0
03,0,0,0,0,0,0,0,0,36,7,0,0
03,0,0,0,0,0,0,0,0,37,4,0,0
03,0,0,0,0,0,0,0,0,38,11,0,0
03,0,0,0,0,0,0,0,0,39,5,0,0
03,0,0,0,0,0,0,0,0,40,8,0,0
03,0,0,0,0,0,0,0,0,41,12,0,0
03,0,0,0,0,0,0,0,0,42,11,0,0
03,0,0,0,0,0,0,0,0,43,7,0,0
03,0,0,0,0,0,0,0,0,44,3,0,0
03,0,0,0,0,0,0,0,0,45,10,0,0
03,0,0,0,0,0,0,0,0,46,7,0,0
03,0,0,0,0,0,0,0,0,47,11,0,0
03,0,0,0,0,0,0,0,0,48,13,0,0
03,0,0,0,0,0,0,0,0,49,16,0,0
03,0,0,0,0,0,0,0,0,50,12,0,0
03,0,0,0,0,0,0,0,0,51,14,0,0
03,0,0,0,0,0,0,0,0,52,7,0,0
03,0,0,0,0,0,0,0,0,53,13,0,0
03,0,0,0,0,0,0,0,0,54,12,0,0
03,0,0,0,0,0,0,0,0,55,6,0,0
03,0,0,0,0,0,0,0,0,56,5,0,0
03,0,0,0,0,0,0,0,0,57,6,0,0
03,0,0,0,0,0,0,0,0,58,5,0,0
03,0,0,0,0,0,0,0,0,59,3,0,0
04,0,0,0,0,0,0,0,0,19,3,0,0
04,0,0,0,0,0,0,0,0,21,4,0,0
04,0,0,0,0,0,0,0,0,22,1,0,0
04,0,0,0,0,0,0,0,0,23,2,0,0
04,0,0,0,0,0,0,0,0,25,2,0,0
04,0,0,0,0,0,0,0,0,27,1,0,0
04,0,0,0,0,0,0,0,0,28,5,0,0
04,0,0,0,0,0,0,0,0,29,3,0,0
04,0,0,0,0,0,0,0,0,30,3,0,0
04,0,0,0,0,0,0,0,0,31,3,0,0
04,0,0,0,0,0,0,0,0,32,3,0,0
04,0,0,0,0,0,0,0,0,33,6,0,0
04,0,0,0,0,0,0,0,0,34,3,0,0
04,0,0,0,0,0,0,0,0,35,6,0,0
04,0,0,0,0,0,0,0,0,36,9,0,0
04,0,0,0,0,0,0,0,0,37,9,0,0
04,0,0,0,0,0,0,0,0,38,8,0,0
04,0,0,0,0,0,0,0,0,39,6,0,0
04,0,0,0,0,0,0,0,0,40,6,0,0
04,0,0,0,0,0,0,0,0,41,10,0,0
04,0,0,0,0,0,0,0,0,42,12,0,0
04,0,0,0,0,0,0,0,0,43,16,0,0
04,0,0,0,0,0,0,0,0,44,10,0,0
04,0,0,0,0,0,0,0,0,45,9,0,0
04,0,0,0,0,0,0,0,0,46,8,0,0
04,0,0,0,0,0,0,0,0,47,8,0,0
04,0,0,0,0,0,0,0,0,48,7,0,0
04,0,0,0,0,0,0,0,0,49,16,0,0
04,0,0,0,0,0,0,0,0,50,9,0,0
04,0,0,0,0,0,0,0,0,51,7,0,0
04,0,0,0,0,0,0,0,0,52,13,0,0
04,0,0,0,0,0,0,0,0,53,14,0,0
04,0,0,0,0,0,0,0,0,54,7,0,0
04,0,0,0,0,0,0,0,0,55,7,0,0
04,0,0,0,0,0,0,0,0,56,3,0,0
04,0,0,0,0,0,0,0,0,57,6,0,0
04,0,0,0,0,0,0,0,0,58,5,0,0
04,0,0,0,0,0,0,0,0,59,4,0,0
05,0,0,0,0,0,0,0,0,12,1,0,0
05,0,0,0,0,0,0,0,0,18,1,0,0
05,0,0,0,0,0,0,0,0,19,1,0,0
05,0,0,0,0,0,0,0,0,20,2,0,0
05,0,0,0,0,0,0,0,0,21,1,0,0
05,0,0,0,0,0,0,0,0,22,2,0,0
05,0,0,0,0,0,0,0,0,23,3,0,0
05,0,0,0,0,0,0,0,0,24,1,0,0
05,0,0,0,0,0,0,0,0,25,1,0,0
05,0,0,0,0,0,0,0,0,27,3,0,0
05,0,0,0,0,0,0,0,0,28,2,0,0
05,0,0,0,0,0,0,0,0,29,5,0,0
05,0,0,0,0,0,0,0,0,30,7,0,0
05,0,0,0,0,0,0,0,0,31,6,0,0
05,0,0,0,0,0,0,0,0,32,5,0,0
05,0,0,0,0,0,0,0,0,33,7,0,0
05,0,0,0,0,0,0,0,0,34,2,0,0
05,0,0,0,0,0,0,0,0,35,3,0,0
05,0,0,0,0,0,0,0,0,36,9,0,0
05,0,0,0,0,0,0,0,0,37,5,0,0
05,0,0,0,0,0,0,0,0,38,9,0,0
05,0,0,0,0,0,0,0,0,39,9,0,0
05,0,0,0,0,0,0,0,0,40,8,0,0
05,0,0,0,0,0,0,0,0,41,5,0,0
05,0,0,0,0,0,0,0,0,42,13,0,0
05,0,0,0,0,0,0,0,0,43,7,0,0
05,0,0,0,0,0,0,0,0,44,10,0,0
05,0,0,0,0,0,0,0,0,45,9,0,0
05,0,0,0,0,0,0,0,0,46,12,0,0
05,0,0,0,0,0,0,0,0,47,16,0,0
05,0,0,0,0,0,0,0,0,48,2,0,0
05,0,0,0,0,0,0,0,0,49,9,0,0
05,0,0,0,0,0,0,0,0,50,17,0,0
05,0,0,0,0,0,0,0,0,51,13,0,0
05,0,0,0,0,0,0,0,0,52,4,0,0
05,0,0,0,0,0,0,0,0,53,9,0,0
05,0,0,0,0,0,0,0,0,54,5,0,0
05,0,0,0,0,0,0,0,0,55,5,0,0
05,0,0,0,0,0,0,0,0,56,11,0,0
05,0,0,0,0,0,0,0,0,57,5,0,0
05,0,0,0,0,0,0,0,0,58,3,0,0
05,0,0,0,0,0,0,0,0,59,3,0,0
06,0,0,0,0,0,0,0,0,15,1,0,0
06,0,0,0,0,0,0,0,0,16,1,0,0
06,0,0,0,0,0,0,0,0,17,1,0,0
06,0,0,0,0,0,0,0,0,21,2,0,0
06,0,0,0,0,0,0,0,0,23,1,0,0
06,0,0,0,0,0,0,0,0,25,1,0,0
06,0,0,0,0,0,0,0,0,26,2,0,0
06,0,0,0,0,0,0,0,0,27,4,0,0
06,0,0,0,0,0,0,0,0,28,3,0,0
06,0,0,0,0,0,0,0,0,29,3,0,0
06,0,0,0,0,0,0,0,0,30,2,0,0
06,0,0,0,0,0,0,0,0,31,5,0,0
06,0,0,0,0,0,0,0,0,32,5,0,0
06,0,0,0,0,0,0,0,0,33,3,0,0
06,0,0,0,0,0,0,0,0,34,4,0,0
06,0,0,0,0,0,0,0,0,35,6,0,0
06,0,0,0,0,0,0,0,0,36,8,0,0
06,0,0,0,0,0,0,0,0,37,7,0,0
06,0,0,0,0,0,0,0,0,38,6,0,0
06,0,0,0,0,0,0,0,0,39,9,0,0
06,0,0,0,0,0,0,0,0,40,9,0,0
06,0,0,0,0,0,0,0,0,41,8,0,0
06,0,0,0,0,0,0,0,0,42,16,0,0
06,0,0,0,0,0,0,0,0,43,13,0,0
06,0,0,0,0,0,0,0,0,44,10,0,0
06,0,0,0,0,0,0,0,0,45,7,0,0
06,0,0,0,0,0,0,0,0,46,13,0,0
06,0,0,0,0,0,0,0,0,47,7,0,0
06,0,0,0,0,0,0,0,0,48,9,0,0
06,0,0,0,0,0,0,0,0,49,10,0,0
06,0,0,0,0,0,0,0,0,50,5,0,0
06,0,0,0,0,0,0,0,0,51,10,0,0
06,0,0,0,0,0,0,0,0,52,11,0,0
06,0,0,0,0,0,0,0,0,53,12,0,0
06,0,0,0,0,0,0,0,0,54,7,0,0
06,0,0,0,0,0,0,0,0,55,3,0,0
06,0,0,0,0,0,0,0,0,56,4,0,0
06,0,0,0,0,0,0,0,0,57,7,0,0
06,0,0,0,0,0,0,0,0,58,5,0,0
06,0,0,0,0,0,0,0,0,59,2,0,0
07,0,0,0,0,0,0,0,0,19,1,0,0
07,0,0,0,0,0,0,0,0,20,1,0,0
07,0,0,0,0,0,0,0,0,22,1,0,0
07,0,0,0,0,0,0,0,0,23,1,0,0
07,0,0,0,0,0,0,0,0,25,4,0,0
07,0,0,0,0,0,0,0,0,26,1,0,0
07,0,0,0,0,0,0,0,0,27,4,0,0
07,0,0,0,0,0,0,0,0,29,4,0,0
07,0,0,0,0,0,0,0,0,30,3,0,0
07,0,0,0,0,0,0,0,0,31,4,0,0
07,0,0,0,0,0,0,0,0,32,6,0,0
07,0,0,0,0,0,0,0,0,33,6,0,0
07,0,0,0,0,0,0,0,0,34,6,0,0
07,0,0,0,0,0,0,0,0,35,3,0,0
07,0,0,0,0,0,0,0,0,36,7,0,0
07,0,0,0,0,0,0,0,0,37,4,0,0
07,0,0,0,0,0,0,0,0,38,9,0,0
07,0,0,0,0,0,0,0,0,39,11,0,0
07,0,0,0,0,0,0,0,0,40,7,0,0
07,0,0,0,0,0,0,0,0,41,7,0,0
07,0,0,0,0,0,0,0,0,42,7,0,0
07,0,0,0,0,0,0,0,0,43,14,0,0
07,0,0,0,0,0,0,0,0,44,10,0,0
07,0,0,0,0,0,0,0,0,45,13,0,0
07,0,0,0,0,0,0,0,0,46,10,0,0
07,0,0,0,0,0,0,0,0,47,8,0,0
07,0,0,0,0,0,0,0,0,48,7,0,0
07,0,0,0,0,0,0,0,0,49,10,0,0
07,0,0,0,0,0,0,0,0,50,10,0,0
07,0,0,0,0,0,0,0,0,51,9,0,0
07,0,0,0,0,0,0,0,0,52,12,0,0
07,0,0,0,0,0,0,0,0,53,8,0,0
07,0,0,0,0,0,0,0,0,54,12,0,0
07,0,0,0,0,0,0,0,0,55,10,0,0
07,0,0,0,0,0,0,0,0,56,12,0,0
07,0,0,0,0,0,0,0,0,57,5,0,0
07,0,0,0,0,0,0,0,0,58,6,0,0
07,0,0,0,0,0,0,0,0,59,3,0,0
08,0,0,0,0,0,0,0,0,18,1,0,0
08,0,0,0,0,0,0,0,0,22,4,0,0
08,0,0,0,0,0,0,0,0,23,2,0,0
08,0,0,0,0,0,0,0,0,24,1,0,0
08,0,0,0,0,0,0,0,0,25,1,0,0
08,0,0,0,0,0,0,0,0,26,1,0,0
08,0,0,0,0,0,0,0,0,27,2,0,0
08,0,0,0,0,0,0,0,0,28,5,0,0
08,0,0,0,0,0,0,0,0,29,3,0,0
08,0,0,0,0,0,0,0,0,30,3,0,0
08,0,0,0,0,0,0,0,0,31,1,0,0
08,0,0,0,0,0,0,0,0,32,8,0,0
08,0,0,0,0,0,0,0,0,33,8,0,0
08,0,0,0,0,0,0,0,0,34,3,0,0
08,0,0,0,0,0,0,0,0,35,8,0,0
08,0,0,0,0,0,0,0,0,36,5,0,0
08,0,0,0,0,0,0,0,0,37,5,0,0
08,0,0,0,0,0,0,0,0,38,8,0,0
08,0,0,0,0,0,0,0,0,39,2,0,0
08,0,0,0,0,0,0,0,0,40,8,0,0
08,0,0,0,0,0,0,0,0,41,16,0,0
08,0,0,0,0,0,0,0,0,42,15,0,0
08,0,0,0,0,0,0,0,0,43,15,0,0
08,0,0,0,0,0,0,0,0,44,11,0,0
08,0,0,0,0,0,0,0,0,45,14,0,0
08,0,0,0,0,0,0,0,0,46,13,0,0
08,0,0,0,0,0,0,0,0,47,12,0,0
08,0,0,0,0,0,0,0,0,48,9,0,0
08,0,0,0,0,0,0,0,0,49,11,0,0
08,0,0,0,0,0,0,0,0,50,13,0,0
08,0,0,0,0,0,0,0,0,51,8,0,0
08,0,0,0,0,0,0,0,0,52,12,0,0
08,0,0,0,0,0,0,0,0,53,11,0,0
08,0,0,0,0,0,0,0,0,54,8,0,0
08,0,0,0,0,0,0,0,0,55,9,0,0
08,0,0,0,0,0,0,0,0,56,4,0,0
08,0,0,0,0,0,0,0,0,57,3,0,0
08,0,0,0,0,0,0,0,0,58,2,0,0
08,0,0,0,0,0,0,0,0,59,2,0,0
09,0,0,0,0,0,0,0,0,22,2,0,0
09,0,0,0,0,0,0,0,0,26,4,0,0
09,0,0,0,0,0,0,0,0,27,4,0,0
09,0,0,0,0,0,0,0,0,28,3,0,0
09,0,0,0,0,0,0,0,0,29,4,0,0
09,0,0,0,0,0,0,0,0,30,3,0,0
09,0,0,0,0,0,0,0,0,31,6,0,0
09,0,0,0,0,0,0,0,0,32,4,0,0
09,0,0,0,0,0,0,0,0,33,2,0,0
09,0,0,0,0,0,0,0,0,34,7,0,0
09,0,0,0,0,0,0,0,0,35,5,0,0
09,0,0,0,0,0,0,0,0,36,7,0,0
09,0,0,0,0,0,0,0,0,37,3,0,0
09,0,0,0,0,0,0,0,0,38,11,0,0
09,0,0,0,0,0,0,0,0,39,6,0,0
09,0,0,0,0,0,0,0,0,40,6,0,0
09,0,0,0,0,0,0,0,0,41,19,0,0
09,0,0,0,0,0,0,0,0,42,13,0,0
09,0,0,0,0,0,0,0,0,43,10,0,0
09,0,0,0,0,0,0,0,0,44,10,0,0
09,0,0,0,0,0,0,0,0,45,10,0,0
09,0,0,0,0,0,0,0,0,46,7,0,0
09,0,0,0,0,0,0,0,0,47,4,0,0
09,0,0,0,0,0,0,0,0,48,19,0,0
09,0,0,0,0,0,0,0,0,49,6,0,0
09,0,0,0,0,0,0,0,0,50,8,0,0
09,0,0,0,0,0,0,0,0,51,9,0,0
09,0,0,0,0,0,0,0,0,52,10,0,0
09,0,0,0,0,0,0,0,0,53,13,0,0
09,0,0,0,0,0,0,0,0,54,8,0,0
09,0,0,0,0,0,0,0,0,55,12,0,0
09,0,0,0,0,0,0,0,0,56,8,0,0
09,0,0,0,0,0,0,0,0,57,6,0,0
09,0,0,0,0,0,0,0,0,58,1,0,0
09,0,0,0,0,0,0,0,0,59,1,0,0
10,0,0,0,0,0,0,0,0,20,3,0,0
10,0,0,0,0,0,0,0,0,22,4,0,0
10,0,0,0,0,0,0,0,0,23,1,0,0
10,0,0,0,0,0,0,0,0,24,1,0,0
10,0,0,0,0,0,0,0,0,25,3,0,0
10,0,0,0,0,0,0,0,0,26,2,0,0
10,0,0,0,0,0,0,0,0,27,1,0,0
10,0,0,0,0,0,0,0,0,28,5,0,0
10,0,0,0,0,0,0,0,0,29,3,0,0
10,0,0,0,0,0,0,0,0,30,9,0,0
10,0,0,0,0,0,0,0,0,31,2,0,0
10,0,0,0,0,0,0,0,0,32,1,0,0
10,0,0,0,0,0,0,0,0,33,5,0,0
10,0,0,0,0,0,0,0,0,34,8,0,0
10,0,0,0,0,0,0,0,0,35,9,0,0
10,0,0,0,0,0,0,0,0,36,5,0,0
10,0,0,0,0,0,0,0,0,37,8,0,0
10,0,0,0,0,0,0,0,0,38,9,0,0
10,0,0,0,0,0,0,0,0,39,6,0,0
10,0,0,0,0,0,0,0,0,40,11,0,0
10,0,0,0,0,0,0,0,0,41,12,0,0
10,0,0,0,0,0,0,0,0,42,4,0,0
10,0,0,0,0,0,0,0,0,43,9,0,0
10,0,0,0,0,0,0,0,0,44,7,0,0
10,0,0,0,0,0,0,0,0,45,11,0,0
10,0,0,0,0,0,0,0,0,46,16,0,0
10,0,0,0,0,0,0,0,0,47,13,0,0
10,0,0,0,0,0,0,0,0,48,13,0,0
10,0,0,0,0,0,0,0,0,49,11,0,0
10,0,0,0,0,0,0,0,0,50,11,0,0
10,0,0,0,0,0,0,0,0,51,8,0,0
10,0,0,0,0,0,0,0,0,52,7,0,0
10,0,0,0,0,0,0,0,0,53,9,0,0
10,0,0,0,0,0,0,0,0,54,2,0,0
10,0,0,0,0,0,0,0,0,55,9,0,0
10,0,0,0,0,0,0,0,0,56,10,0,0
10,0,0,0,0,0,0,0,0,57,9,0,0
10,0,0,0,0,0,0,0,0,58,2,0,0
10,0,0,0,0,0,0,0,0,59,1,0,0
11,0,0,0,0,0,0,0,0,18,2,0,0
11,0,0,0,0,0,0,0,0,19,1,0,0
11,0,0,0,0,0,0,0,0,21,1,0,0
11,0,0,0,0,0,0,0,0,22,2,0,0
11,0,0,0,0,0,0,0,0,23,1,0,0
11,0,0,0,0,0,0,0,0,24,2,0,0
11,0,0,0,0,0,0,0,0,25,1,0,0
11,0,0,0,0,0,0,0,0,26,3,0,0
11,0,0,0,0,0,0,0,0,27,1,0,0
11,0,0,0,0,0,0,0,0,28,1,0,0
11,0,0,0,0,0,0,0,0,29,4,0,0
11,0,0,0,0,0,0,0,0,30,3,0,0
11,0,0,0,0,0,0,0,0,31,3,0,0
11,0,0,0,0,0,0,0,0,32,7,0,0
11,0,0,0,0,0,0,0,0,33,6,0,0
11,0,0,0,0,0,0,0,0,34,5,0,0
11,0,0,0,0,0,0,0,0,35,7,0,0
11,0,0,0,0,0,0,0,0,36,9,0,0
11,0,0,0,0,0,0,0,0,37,5,0,0
11,0,0,0,0,0,0,0,0,38,7,0,0
11,0,0,0,0,0,0,0,0,39,9,0,0
11,0,0,0,0,0,0,0,0,40,10,0,0
11,0,0,0,0,0,0,0,0,41,6,0,0
11,0,0,0,0,0,0,0,0,42,8,0,0
11,0,0,0,0,0,0,0,0,43,11,0,0
11,0,0,0,0,0,0,0,0,44,10,0,0
11,0,0,0,0,0,0,0,0,45,16,0,0
11,0,0,0,0,0,0,0,0,46,10,0,0
11,0,0,0,0,0,0,0,0,47,7,0,0
11,0,0,0,0,0,0,0,0,48,6,0,0
11,0,0,0,0,0,0,0,0,49,11,0,0
11,0,0,0,0,0,0,0,0,50,5,0,0
11,0,0,0,0,0,0,0,0,51,10,0,0
11,0,0,0,0,0,0,0,0,52,7,0,0
11,0,0,0,0,0,0,0,0,53,15,0,0
11,0,0,0,0,0,0,0,0,54,11,0,0
11,0,0,0,0,0,0,0,0,55,8,0,0
11,0,0,0,0,0,0,0,0,56,4,0,0
11,0,0,0,0,0,0,0,0,57,6,0,0
11,0,0,0,0,0,0,0,0,58,3,0,0
11,0,0,0,0,0,0,0,0,59,2,0,0
12,0,0,0,0,0,0,0,0,11,1,0,0
12,0,0,0,0,0,0,0,0,20,1,0,0
12,0,0,0,0,0,0,0,0,23,3,0,0
12,0,0,0,0,0,0,0,0,24,3,0,0
12,0,0,0,0,0,0,0,0,25,2,0,0
12,0,0,0,0,0,0,0,0,26,1,0,0
12,0,0,0,0,0,0,0,0,28,2,0,0
12,0,0,0,0,0,0,0,0,29,3,0,0
12,0,0,0,0,0,0,0,0,30,2,0,0
12,0,0,0,0,0,0,0,0,31,1,0,0
12,0,0,0,0,0,0,0,0,32,5,0,0
12,0,0,0,0,0,0,0,0,33,9,0,0
12,0,0,0,0,0,0,0,0,34,6,0,0
12,0,0,0,0,0,0,0,0,35,3,0,0
12,0,0,0,0,0,0,0,0,36,7,0,0
12,0,0,0,0,0,0,0,0,37,9,0,0
12,0,0,0,0,0,0,0,0,38,7,0,0
12,0,0,0,0,0,0,0,0,39,8,0,0
12,0,0,0,0,0,0,0,0,40,10,0,0
12,0,0,0,0,0,0,0,0,41,9,0,0
12,0,0,0,0,0,0,0,0,42,8,0,0
12,0,0,0,0,0,0,0,0,43,8,0,0
12,0,0,0,0,0,0,0,0,44,5,0,0
12,0,0,0,0,0,0,0,0,45,13,0,0
12,0,0,0,0,0,0,0,0,46,11,0,0
12,0,0,0,0,0,0,0,0,47,8,0,0
12,0,0,0,0,0,0,0,0,48,10,0,0
12,0,0,0,0,0,0,0,0,49,12,0,0
12,0,0,0,0,0,0,0,0,50,12,0,0
12,0,0,0,0,0,0,0,0,51,13,0,0
12,0,0,0,0,0,0,0,0,52,13,0,0
12,0,0,0,0,0,0,0,0,53,3,0,0
12,0,0,0,0,0,0,0,0,54,6,0,0
12,0,0,0,0,0,0,0,0,55,2,0,0
12,0,0,0,0,0,0,0,0,56,5,0,0
12,0,0,0,0,0,0,0,0,57,7,0,0
12,0,0,0,0,0,0,0,0,58,2,0,0
12,0,0,0,0,0,0,0,0,59,2,0,0
01,0,0,0,0,0,0,0,0,0,0,25,1
01,0,0,0,0,0,0,0,0,0,0,29,1
01,0,0,0,0,0,0,0,0,0,0,31,1
01,0,0,0,0,0,0,0,0,0,0,33,1
01,0,0,0,0,0,0,0,0,0,0,34,2
01,0,0,0,0,0,0,0,0,0,0,35,2
01,0,0,0,0,0,0,0,0,0,0,37,2
01,0,0,0,0,0,0,0,0,0,0,38,2
01,0,0,0,0,0,0,0,0,0,0,40,3
01,0,0,0,0,0,0,0,0,0,0,41,2
01,0,0,0,0,0,0,0,0,0,0,42,3
01,0,0,0,0,0,0,0,0,0,0,43,3
01,0,0,0,0,0,0,0,0,0,0,44,5
01,0,0,0,0,0,0,0,0,0,0,45,7
01,0,0,0,0,0,0,0,0,0,0,46,4
01,0,0,0,0,0,0,0,0,0,0,47,13
01,0,0,0,0,0,0,0,0,0,0,48,9
01,0,0,0,0,0,0,0,0,0,0,49,12
01,0,0,0,0,0,0,0,0,0,0,50,11
01,0,0,0,0,0,0,0,0,0,0,51,18
01,0,0,0,0,0,0,0,0,0,0,52,15
01,0,0,0,0,0,0,0,0,0,0,53,16
01,0,0,0,0,0,0,0,0,0,0,54,14
01,0,0,0,0,0,0,0,0,0,0,55,13
01,0,0,0,0,0,0,0,0,0,0,56,18
01,0,0,0,0,0,0,0,0,0,0,57,14
01,0,0,0,0,0,0,0,0,0,0,58,24
01,0,0,0,0,0,0,0,0,0,0,59,16
01,0,0,0,0,0,0,0,0,0,0,60,18
02,0,0,0,0,0,0,0,0,0,0,25,1
02,0,0,0,0,0,0,0,0,0,0,28,1
02,0,0,0,0,0,0,0,0,0,0,29,1
02,0,0,0,0,0,0,0,0,0,0,32,1
02,0,0,0,0,0,0,0,0,0,0,34,3
02,0,0,0,0,0,0,0,0,0,0,37,3
02,0,0,0,0,0,0,0,0,0,0,38,2
02,0,0,0,0,0,0,0,0,0,0,39,4
02,0,0,0,0,0,0,0,0,0,0,40,2
02,0,0,0,0,0,0,0,0,0,0,43,3
02,0,0,0,0,0,0,0,0,0,0,44,3
02,0,0,0,0,0,0,0,0,0,0,45,3
02,0,0,0,0,0,0,0,0,0,0,46,7
02,0,0,0,0,0,0,0,0,0,0,47,12
02,0,0,0,0,0,0,0,0,0,0,48,9
02,0,0,0,0,0,0,0,0,0,0,49,5
02,0,0,0,0,0,0,0,0,0,0,50,15
02,0,0,0,0,0,0,0,0,0,0,51,13
02,0,0,0,0,0,0,0,0,0,0,52,11
02,0,0,0,0,0,0,0,0,0,0,53,10
02,0,0,0,0,0,0,0,0,0,0,54,11
02,0,0,0,0,0,0,0,0,0,0,55,12
02,0,0,0,0,0,0,0,0,0,0,56,20
02,0,0,0,0,0,0,0,0,0,0,57,18
02,0,0,0,0,0,0,0,0,0,0,58,20
02,0,0,0,0,0,0,0,0,0,0,59,24
02,0,0,0,0,0,0,0,0,0,0,60,20
03,0,0,0,0,0,0,0,0,0,0,28,1
03,0,0,0,0,0,0,0,0,0,0,32,1
03,0,0,0,0,0,0,0,0,0,0,33,2
03,0,0,0,0,0,0,0,0,0,0,34,3
03,0,0,0,0,0,0,0,0,0,0,35,2
03,0,0,0,0,0,0,0,0,0,0,36,2
03,0,0,0,0,0,0,0,0,0,0,37,1
03,0,0,0,0,0,0,0,0,0,0,38,1
03,0,0,0,0,0,0,0,0,0,0,39,2
03,0,0,0,0,0,0,0,0,0,0,40,1
03,0,0,0,0,0,0,0,0,0,0,41,2
03,0,0,0,0,0,0,0,0,0,0,42,6
03,0,0,0,0,0,0,0,0,0,0,43,4
03,0,0,0,0,0,0,0,0,0,0,44,7
03,0,0,0,0,0,0,0,0,0,0,45,6
03,0,0,0,0,0,0,0,0,0,0,46,6
03,0,0,0,0,0,0,0,0,0,0,47,9
03,0,0,0,0,0,0,0,0,0,0,48,8
03,0,0,0,0,0,0,0,0,0,0,49,8
03,0,0,0,0,0,0,0,0,0,0,50,9
03,0,0,0,0,0,0,0,0,0,0,51,8
03,0,0,0,0,0,0,0,0,0,0,52,16
03,0,0,0,0,0,0,0,0,0,0,53,17
03,0,0,0,0,0,0,0,0,0,0,54,20
03,0,0,0,0,0,0,0,0,0,0,55,11
03,0,0,0,0,0,0,0,0,0,0,56,21
03,0,0,0,0,0,0,0,0,0,0,57,17
03,0,0,0,0,0,0,0,0,0,0,58,21
03,0,0,0,0,0,0,0,0,0,0,59,22
03,0,0,0,0,0,0,0,0,0,0,60,27
04,0,0,0,0,0,0,0,0,0,0,28,1
04,0,0,0,0,0,0,0,0,0,0,34,2
04,0,0,0,0,0,0,0,0,0,0,35,4
04,0,0,0,0,0,0,0,0,0,0,36,1
04,0,0,0,0,0,0,0,0,0,0,37,1
04,0,0,0,0,0,0,0,0,0,0,38,4
04,0,0,0,0,0,0,0,0,0,0,40,4
04,0,0,0,0,0,0,0,0,0,0,41,4
04,0,0,0,0,0,0,0,0,0,0,42,5
04,0,0,0,0,0,0,0,0,0,0,43,6
04,0,0,0,0,0,0,0,0,0,0,44,4
04,0,0,0,0,0,0,0,0,0,0,45,6
04,0,0,0,0,0,0,0,0,0,0,46,4
04,0,0,0,0,0,0,0,0,0,0,47,6
04,0,0,0,0,0,0,0,0,0,0,48,6
04,0,0,0,0,0,0,0,0,0,0,49,11
04,0,0,0,0,0,0,0,0,0,0,50,14
04,0,0,0,0,0,0,0,0,0,0,51,9
04,0,0,0,0,0,0,0,0,0,0,52,8
04,0,0,0,0,0,0,0,0,0,0,53,16
04,0,0,0,0,0,0,0,0,0,0,54,13
04,0,0,0,0,0,0,0,0,0,0,55,15
04,0,0,0,0,0,0,0,0,0,0,56,22
04,0,0,0,0,0,0,0,0,0,0,57,19
04,0,0,0,0,0,0,0,0,0,0,58,25
04,0,0,0,0,0,0,0,0,0,0,59,25
04,0,0,0,0,0,0,0,0,0,0,60,19
05,0,0,0,0,0,0,0,0,0,0,22,1
05,0,0,0,0,0,0,0,0,0,0,24,1
05,0,0,0,0,0,0,0,0,0,0,26,1
05,0,0,0,0,0,0,0,0,0,0,30,1
05,0,0,0,0,0,0,0,0,0,0,31,2
05,0,0,0,0,0,0,0,0,0,0,33,1
05,0,0,0,0,0,0,0,0,0,0,34,1
05,0,0,0,0,0,0,0,0,0,0,35,2
05,0,0,0,0,0,0,0,0,0,0,36,2
05,0,0,0,0,0,0,0,0,0,0,37,6
05,0,0,0,0,0,0,0,0,0,0,38,4
05,0,0,0,0,0,0,0,0,0,0,39,1
05,0,0,0,0,0,0,0,0,0,0,40,1
05,0,0,0,0,0,0,0,0,0,0,41,1
05,0,0,0,0,0,0,0,0,0,0,42,2
05,0,0,0,0,0,0,0,0,0,0,43,3
05,0,0,0,0,0,0,0,0,0,0,44,5
05,0,0,0,0,0,0,0,0,0,0,45,9
05,0,0,0,0,0,0,0,0,0,0,46,5
05,0,0,0,0,0,0,0,0,0,0,47,4
05,0,0,0,0,0,0,0,0,0,0,48,10
05,0,0,0,0,0,0,0,0,0,0,49,11
05,0,0,0,0,0,0,0,0,0,0,50,8
05,0,0,0,0,0,0,0,0,0,0,51,12
05,0,0,0,0,0,0,0,0,0,0,52,14
05,0,0,0,0,0,0,0,0,0,0,53,17
05,0,0,0,0,0,0,0,0,0,0,54,17
05,0,0,0,0,0,0,0,0,0,0,55,13
05,0,0,0,0,0,0,0,0,0,0,56,17
05,0,0,0,0,0,0,0,0,0,0,57,16
05,0,0,0,0,0,0,0,0,0,0,58,19
05,0,0,0,0,0,0,0,0,0,0,59,17
05,0,0,0,0,0,0,0,0,0,0,60,27
06,0,0,0,0,0,0,0,0,0,0,29,1
06,0,0,0,0,0,0,0,0,0,0,30,1
06,0,0,0,0,0,0,0,0,0,0,31,1
06,0,0,0,0,0,0,0,0,0,0,32,2
06,0,0,0,0,0,0,0,0,0,0,33,2
06,0,0,0,0,0,0,0,0,0,0,34,1
06,0,0,0,0,0,0,0,0,0,0,36,1
06,0,0,0,0,0,0,0,0,0,0,37,1
06,0,0,0,0,0,0,0,0,0,0,38,1
06,0,0,0,0,0,0,0,0,0,0,39,3
06,0,0,0,0,0,0,0,0,0,0,40,1
06,0,0,0,0,0,0,0,0,0,0,41,5
06,0,0,0,0,0,0,0,0,0,0,42,6
06,0,0,0,0,0,0,0,0,0,0,43,3
06,0,0,0,0,0,0,0,0,0,0,44,4
06,0,0,0,0,0,0,0,0,0,0,45,3
06,0,0,0,0,0,0,0,0,0,0,46,4
06,0,0,0,0,0,0,0,0,0,0,47,6
06,0,0,0,0,0,0,0,0,0,0,48,8
06,0,0,0,0,0,0,0,0,0,0,49,11
06,0,0,0,0,0,0,0,0,0,0,50,13
06,0,0,0,0,0,0,0,0,0,0,51,14
06,0,0,0,0,0,0,0,0,0,0,52,12
06,0,0,0,0,0,0,0,0,0,0,53,17
06,0,0,0,0,0,0,0,0,0,0,54,19
06,0,0,0,0,0,0,0,0,0,0,55,15
06,0,0,0,0,0,0,0,0,0,0,56,15
06,0,0,0,0,0,0,0,0,0,0,57,11
06,0,0,0,0,0,0,0,0,0,0,58,20
06,0,0,0,0,0,0,0,0,0,0,59,20
06,0,0,0,0,0,0,0,0,0,0,60,21
07,0,0,0,0,0,0,0,0,0,0,25,1
07,0,0,0,0,0,0,0,0,0,0,28,1
07,0,0,0,0,0,0,0,0,0,0,29,1
07,0,0,0,0,0,0,0,0,0,0,31,1
07,0,0,0,0,0,0,0,0,0,0,32,1
07,0,0,0,0,0,0,0,0,0,0,33,1
07,0,0,0,0,0,0,0,0,0,0,34,2
07,0,0,0,0,0,0,0,0,0,0,35,1
07,0,0,0,0,0,0,0,0,0,0,36,2
07,0,0,0,0,0,0,0,0,0,0,37,1
07,0,0,0,0,0,0,0,0,0,0,38,3
07,0,0,0,0,0,0,0,0,0,0,39,4
07,0,0,0,0,0,0,0,0,0,0,40,1
07,0,0,0,0,0,0,0,0,0,0,41,2
07,0,0,0,0,0,0,0,0,0,0,42,4
07,0,0,0,0,0,0,0,0,0,0,43,3
07,0,0,0,0,0,0,0,0,0,0,44,6
07,0,0,0,0,0,0,0,0,0,0,45,7
07,0,0,0,0,0,0,0,0,0,0,46,5
07,0,0,0,0,0,0,0,0,0,0,47,8
07,0,0,0,0,0,0,0,0,0,0,48,10
07,0,0,0,0,0,0,0,0,0,0,49,8
07,0,0,0,0,0,0,0,0,0,0,50,6
07,0,0,0,0,0,0,0,0,0,0,51,12
07,0,0,0,0,0,0,0,0,0,0,52,8
07,0,0,0,0,0,0,0,0,0,0,53,16
07,0,0,0,0,0,0,0,0,0,0,54,16
07,0,0,0,0,0,0,0,0,0,0,55,10
07,0,0,0,0,0,0,0,0,0,0,56,22
07,0,0,0,0,0,0,0,0,0,0,57,20
07,0,0,0,0,0,0,0,0,0,0,58,21
07,0,0,0,0,0,0,0,0,0,0,59,29
07,0,0,0,0,0,0,0,0,0,0,60,23
08,0,0,0,0,0,0,0,0,0,0,24,1
08,0,0,0,0,0,0,0,0,0,0,28,2
08,0,0,0,0,0,0,0,0,0,0,29,1
08,0,0,0,0,0,0,0,0,0,0,30,1
08,0,0,0,0,0,0,0,0,0,0,32,1
08,0,0,0,0,0,0,0,0,0,0,33,1
08,0,0,0,0,0,0,0,0,0,0,34,1
08,0,0,0,0,0,0,0,0,0,0,35,2
08,0,0,0,0,0,0,0,0,0,0,36,2
08,0,0,0,0,0,0,0,0,0,0,37,1
08,0,0,0,0,0,0,0,0,0,0,38,2
08,0,0,0,0,0,0,0,0,0,0,39,2
08,0,0,0,0,0,0,0,0,0,0,40,2
08,0,0,0,0,0,0,0,0,0,0,41,5
08,0,0,0,0,0,0,0,0,0,0,42,2
08,0,0,0,0,0,0,0,0,0,0,43,7
08,0,0,0,0,0,0,0,0,0,0,44,7
08,0,0,0,0,0,0,0,0,0,0,45,7
08,0,0,0,0,0,0,0,0,0,0,46,4
08,0,0,0,0,0,0,0,0,0,0,47,6
08,0,0,0,0,0,0,0,0,0,0,48,14
08,0,0,0,0,0,0,0,0,0,0,49,11
08,0,0,0,0,0,0,0,0,0,0,50,11
08,0,0,0,0,0,0,0,0,0,0,51,9
08,0,0,0,0,0,0,0,0,0,0,52,15
08,0,0,0,0,0,0,0,0,0,0,53,13
08,0,0,0,0,0,0,0,0,0,0,54,21
08,0,0,0,0,0,0,0,0,0,0,55,14
08,0,0,0,0,0,0,0,0,0,0,56,18
08,0,0,0,0,0,0,0,0,0,0,57,16
08,0,0,0,0,0,0,0,0,0,0,58,17
08,0,0,0,0,0,0,0,0,0,0,59,26
08,0,0,0,0,0,0,0,0,0,0,60,25
09,0,0,0,0,0,0,0,0,0,0,27,1
09,0,0,0,0,0,0,0,0,0,0,29,1
09,0,0,0,0,0,0,0,0,0,0,33,1
09,0,0,0,0,0,0,0,0,0,0,34,1
09,0,0,0,0,0,0,0,0,0,0,35,2
09,0,0,0,0,0,0,0,0,0,0,36,1
09,0,0,0,0,0,0,0,0,0,0,37,4
09,0,0,0,0,0,0,0,0,0,0,38,2
09,0,0,0,0,0,0,0,0,0,0,39,5
09,0,0,0,0,0,0,0,0,0,0,40,2
09,0,0,0,0,0,0,0,0,0,0,41,2
09,0,0,0,0,0,0,0,0,0,0,42,4
09,0,0,0,0,0,0,0,0,0,0,43,6
09,0,0,0,0,0,0,0,0,0,0,44,8
09,0,0,0,0,0,0,0,0,0,0,45,4
09,0,0,0,0,0,0,0,0,0,0,46,5
09,0,0,0,0,0,0,0,0,0,0,47,5
09,0,0,0,0,0,0,0,0,0,0,48,10
09,0,0,0,0,0,0,0,0,0,0,49,7
09,0,0,0,0,0,0,0,0,0,0,50,12
09,0,0,0,0,0,0,0,0,0,0,51,11
09,0,0,0,0,0,0,0,0,0,0,52,11
09,0,0,0,0,0,0,0,0,0,0,53,17
09,0,0,0,0,0,0,0,0,0,0,54,14
09,0,0,0,0,0,0,0,0,0,0,55,12
09,0,0,0,0,0,0,0,0,0,0,56,8
09,0,0,0,0,0,0,0,0,0,0,57,18
09,0,0,0,0,0,0,0,0,0,0,58,21
09,0,0,0,0,0,0,0,0,0,0,59,24
09,0,0,0,0,0,0,0,0,0,0,60,32
10,0,0,0,0,0,0,0,0,0,0,27,2
10,0,0,0,0,0,0,0,0,0,0,30,2
10,0,0,0,0,0,0,0,0,0,0,31,1
10,0,0,0,0,0,0,0,0,0,0,32,1
10,0,0,0,0,0,0,0,0,0,0,34,1
10,0,0,0,0,0,0,0,0,0,0,37,3
10,0,0,0,0,0,0,0,0,0,0,38,2
10,0,0,0,0,0,0,0,0,0,0,39,1
10,0,0,0,0,0,0,0,0,0,0,40,3
10,0,0,0,0,0,0,0,0,0,0,41,4
10,0,0,0,0,0,0,0,0,0,0,42,4
10,0,0,0,0,0,0,0,0,0,0,43,5
10,0,0,0,0,0,0,0,0,0,0,44,6
10,0,0,0,0,0,0,0,0,0,0,45,5
10,0,0,0,0,0,0,0,0,0,0,46,4
10,0,0,0,0,0,0,0,0,0,0,47,5
10,0,0,0,0,0,0,0,0,0,0,48,8
10,0,0,0,0,0,0,0,0,0,0,49,17
10,0,0,0,0,0,0,0,0,0,0,50,11
10,0,0,0,0,0,0,0,0,0,0,51,8
10,0,0,0,0,0,0,0,0,0,0,52,8
10,0,0,0,0,0,0,0,0,0,0,53,18
10,0,0,0,0,0,0,0,0,0,0,54,15
10,0,0,0,0,0,0,0,0,0,0,55,13
10,0,0,0,0,0,0,0,0,0,0,56,19
10,0,0,0,0,0,0,0,0,0,0,57,23
10,0,0,0,0,0,0,0,0,0,0,58,21
10,0,0,0,0,0,0,0,0,0,0,59,23
10,0,0,0,0,0,0,0,0,0,0,60,27
11,0,0,0,0,0,0,0,0,0,0,22,1
11,0,0,0,0,0,0,0,0,0,0,27,1
11,0,0,0,0,0,0,0,0,0,0,28,1
11,0,0,0,0,0,0,0,0,0,0,30,1
11,0,0,0,0,0,0,0,0,0,0,32,2
11,0,0,0,0,0,0,0,0,0,0,33,1
11,0,0,0,0,0,0,0,0,0,0,34,1
11,0,0,0,0,0,0,0,0,0,0,35,3
11,0,0,0,0,0,0,0,0,0,0,36,3
11,0,0,0,0,0,0,0,0,0,0,37,2
11,0,0,0,0,0,0,0,0,0,0,38,2
11,0,0,0,0,0,0,0,0,0,0,39,1
11,0,0,0,0,0,0,0,0,0,0,40,1
11,0,0,0,0,0,0,0,0,0,0,41,3
11,0,0,0,0,0,0,0,0,0,0,42,3
11,0,0,0,0,0,0,0,0,0,0,43,1
11,0,0,0,0,0,0,0,0,0,0,44,7
11,0,0,0,0,0,0,0,0,0,0,45,4
11,0,0,0,0,0,0,0,0,0,0,46,6
11,0,0,0,0,0,0,0,0,0,0,47,3
11,0,0,0,0,0,0,0,0,0,0,48,6
11,0,0,0,0,0,0,0,0,0,0,49,11
11,0,0,0,0,0,0,0,0,0,0,50,6
11,0,0,0,0,0,0,0,0,0,0,51,12
11,0,0,0,0,0,0,0,0,0,0,52,13
11,0,0,0,0,0,0,0,0,0,0,53,11
11,0,0,0,0,0,0,0,0,0,0,54,15
11,0,0,0,0,0,0,0,0,0,0,55,17
11,0,0,0,0,0,0,0,0,0,0,56,27
11,0,0,0,0,0,0,0,0,0,0,57,15
11,0,0,0,0,0,0,0,0,0,0,58,19
11,0,0,0,0,0,0,0,0,0,0,59,18
11,0,0,0,0,0,0,0,0,0,0,60,29
12,0,0,0,0,0,0,0,0,0,0,30,1
12,0,0,0,0,0,0,0,0,0,0,32,3
12,0,0,0,0,0,0,0,0,0,0,33,1
12,0,0,0,0,0,0,0,0,0,0,35,2
12,0,0,0,0,0,0,0,0,0,0,36,5
12,0,0,0,0,0,0,0,0,0,0,37,1
12,0,0,0,0,0,0,0,0,0,0,38,2
12,0,0,0,0,0,0,0,0,0,0,39,5
12,0,0,0,0,0,0,0,0,0,0,40,1
12,0,0,0,0,0,0,0,0,0,0,41,3
12,0,0,0,0,0,0,0,0,0,0,42,4
12,0,0,0,0,0,0,0,0,0,0,43,3
12,0,0,0,0,0,0,0,0,0,0,44,4
12,0,0,0,0,0,0,0,0,0,0,45,8
12,0,0,0,0,0,0,0,0,0,0,46,6
12,0,0,0,0,0,0,0,0,0,0,47,7
12,0,0,0,0,0,0,0,0,0,0,48,6
12,0,0,0,0,0,0,0,0,0,0,49,12
12,0,0,0,0,0,0,0,0,0,0,50,6
12,0,0,0,0,0,0,0,0,0,0,51,8
12,0,0,0,0,0,0,0,0,0,0,52,12
12,0,0,0,0,0,0,0,0,0,0,53,14
12,0,0,0,0,0,0,0,0,0,0,54,12
12,0,0,0,0,0,0,0,0,0,0,55,15
12,0,0,0,0,0,0,0,0,0,0,56,18
12,0,0,0,0,0,0,0,0,0,0,57,18
12,0,0,0,0,0,0,0,0,0,0,58,13
12,0,0,0,0,0,0,0,0,0,0,59,20
12,0,0,0,0,0,0,0,0,0,0,60,22
